Created,Total Activities,Last Activity,Total Logins,Last Login,Home Organization (LDAP),Title (LDAP),Major (LDAP),Primary Affiliation (LDAP)
6/18/20 12:30,3,2020-06-18 19:36:21 UTC,1,2020-06-18 19:33:47 UTC,ITSFSS Fac and Staff Support Dir CC1662,IT Support Technician 2,,STAFF
6/16/20 16:12,2,2020-06-16 23:19:36 UTC,1,2020-06-16 23:12:49 UTC,MEDPED Neonatology CC1052,Assistant Professor,,FACULTY
6/16/20 12:38,2,2020-06-18 18:30:16 UTC,2,2020-06-18 18:30:16 UTC,LIBYML Medical Library CC0720,Data Librarian for the Health Sciences,,STAFF
6/15/20 8:20,1,2020-06-16 00:47:49 UTC,1,2020-06-16 00:47:49 UTC,,,,STUDENT
6/13/20 9:08,1,2020-06-13 16:08:51 UTC,1,2020-06-13 16:08:51 UTC,,,School of Management,STUDENT
6/11/20 16:47,4,2020-06-18 19:25:55 UTC,4,2020-06-18 19:25:55 UTC,RESCRC Yale Center for Research Computing CC0268,Program Manager,,STAFF
6/9/20 9:50,39,2020-06-24 17:40:15 UTC,5,2020-06-24 17:40:15 UTC,MEDLAB Laboratory Medicine CC1107,Visiting Undergrad Research/Clinical,,MEMBER
6/6/20 18:43,51,2020-07-08 12:40:48 UTC,21,2020-07-08 12:39:00 UTC,FASMCD MCDB CC0519,Postdoctoral Associate,,FACULTY
6/6/20 7:11,16,2020-06-12 20:01:38 UTC,6,2020-06-12 20:01:38 UTC,,,,STUDENT
6/5/20 8:41,4,2020-06-05 15:55:44 UTC,2,2020-06-05 15:53:14 UTC,FASMCD MCDB CC0519,"Postdoctoral Associate in Molecular, Cellular and Developmental Biology",,FACULTY
6/3/20 19:11,19,2020-06-04 02:32:12 UTC,4,2020-06-04 02:14:50 UTC,,,,STUDENT
6/3/20 5:04,151,2020-07-09 15:35:50 UTC,30,2020-07-09 15:35:50 UTC,MEDMBB MB and B-All CC0944,Associate Professor,,FACULTY
6/2/20 21:55,1,2020-06-03 04:55:29 UTC,1,2020-06-03 04:55:29 UTC,MEDCEL Cell Biology-All CC0930,Postdoctoral Associate in Cell Biology,,FACULTY
5/25/20 19:30,1,2020-05-26 02:30:49 UTC,1,2020-05-26 02:30:49 UTC,,,"Molecular,Cellular,Dev Biology",STUDENT
5/20/20 9:51,0,,0,,,,"Molecular,Cellular,Dev Biology",STUDENT
5/20/20 8:20,66,2020-06-09 14:34:24 UTC,7,2020-06-09 14:30:14 UTC,FASMCD MCDB CC0519,"Associate Research Scientist, Molecular, Cellular and Developmental Biology",,FACULTY
5/20/20 6:46,1,2020-05-20 13:46:39 UTC,1,2020-05-20 13:46:39 UTC,FASMCD MCDB CC0519,"Sterling Professor of Molecular, Cellular, and Developmental Biology and Professor of Chemistry",,FACULTY
5/8/20 8:50,1,2020-05-08 15:51:45 UTC,1,2020-05-08 15:51:45 UTC,MEDCOM Comparative Medicine-All CC0931,Postdoctoral Fellow,,FACULTY
3/21/20 15:04,7,2020-03-22 00:39:35 UTC,2,2020-03-22 00:39:35 UTC,MEDIMU Immunobiology-All CC0943,Postdoctoral Fellow,,FACULTY
3/16/20 6:09,5,2020-03-20 21:10:52 UTC,3,2020-03-20 21:06:59 UTC,MEDANE Anesthesiology-All CC1126,Associate Research Scientist in Anesthesiology,,FACULTY
3/5/20 12:13,1,2020-03-05 20:16:38 UTC,1,2020-03-05 20:16:38 UTC,,,Genetics,STUDENT
3/4/20 10:09,0,,0,,,,Immunobiology,STUDENT
2/27/20 11:53,4,2020-02-27 22:09:49 UTC,1,2020-02-27 19:53:13 UTC,,,Molecular Biophysics & Biochem,STUDENT
2/11/20 9:34,19,2020-03-09 22:22:02 UTC,7,2020-03-09 22:22:02 UTC,,,Immunobiology,STUDENT
1/20/20 10:42,35,2020-02-28 20:41:32 UTC,13,2020-02-28 20:31:50 UTC,,,,STUDENT
1/20/20 10:42,31,2020-03-06 20:20:25 UTC,11,2020-03-06 20:12:32 UTC,,,,STUDENT
1/20/20 10:42,143,2020-07-03 17:05:39 UTC,18,2020-07-03 17:04:42 UTC,,,Anthropology,STUDENT
1/20/20 10:42,93,2020-03-06 21:24:47 UTC,17,2020-03-06 21:22:18 UTC,,,,STUDENT
1/15/20 11:09,1,2020-01-15 19:09:50 UTC,1,2020-01-15 19:09:50 UTC,MEDNSC MNBIO Neuroscience Department CC0928,Postdoctoral Associate in Neuroscience,,FACULTY
1/8/20 6:14,394,2020-07-09 19:28:05 UTC,74,2020-07-09 17:36:21 UTC,FASANT Anthropology CC0532,Research Affiliates,,MEMBER
1/3/20 13:44,2,2020-01-04 00:03:43 UTC,2,2020-01-04 00:03:43 UTC,FASSOC Sociology CC0498,Senior Research Associate,,STAFF
11/18/19 5:46,10,2019-12-17 23:10:14 UTC,1,2019-12-17 23:10:14 UTC,,,,
11/15/19 10:47,8,2019-11-15 18:58:41 UTC,1,2019-11-15 18:50:06 UTC,FASANT Anthropology CC0532,Postdoctoral Associate,,FACULTY
11/1/19 13:35,2,2019-11-01 20:39:11 UTC,1,2019-11-01 20:36:03 UTC,MEDPHA Pharmacology-All CC0947,Postdoctoral Associate,,FACULTY
10/22/19 13:13,13,2019-10-28 02:36:28 UTC,3,2019-10-28 02:09:58 UTC,MEDORT Orthopaedics - All CC0847,Research Associate 3 MS,,STAFF
10/20/19 11:46,6,2020-01-08 20:04:20 UTC,4,2020-01-08 20:02:35 UTC,MEDCMP C And M Physiology-All CC0929,Research Assistant 1,,STAFF
10/17/19 14:31,0,,0,,,,Medicine,STUDENT
10/16/19 10:43,9,2020-07-06 12:23:05 UTC,9,2020-07-06 12:23:05 UTC,MEDINT Pulmonary Other CC1034,Associate Research Scientist,,FACULTY
10/3/19 12:04,4,2019-10-03 19:08:53 UTC,2,2019-10-03 19:08:03 UTC,MEDSPH Epidemiology of Microbial Diseases (EMD) CC0941,Postdoctoral Associate,,FACULTY
9/27/19 12:49,350,2020-06-25 15:04:24 UTC,103,2020-06-25 11:55:41 UTC,MEDIMU Immunobiology-All CC0943,Postdoctoral Associate-Immunobiology,,FACULTY
9/23/19 11:28,794,2020-07-08 15:36:25 UTC,119,2020-07-08 12:06:54 UTC,MEDSPH Epidemiology of Microbial Diseases (EMD) CC0941,Postdoctoral Associate,,FACULTY
9/13/19 8:50,1,2019-09-13 15:50:43 UTC,1,2019-09-13 15:50:43 UTC,FASEAS BME Faculty CC0509,Research Affiliates,,MEMBER
8/27/19 10:40,4,2019-08-27 17:57:48 UTC,1,2019-08-27 17:40:48 UTC,MEDMBB MB and B-All CC0944,Assistant Professor,,FACULTY
7/29/19 9:34,142,2020-05-27 13:37:54 UTC,21,2020-05-27 13:37:54 UTC,,,MD/PhD Program,STUDENT
7/19/19 13:14,0,,0,,,,,
7/1/19 11:29,6,2019-07-08 15:30:59 UTC,2,2019-07-08 13:09:24 UTC,MEDINT Digestive Diseases Other CC1024,Clinical Fellow,,FACULTY
6/30/19 20:13,14,2019-08-01 20:05:31 UTC,5,2019-08-01 20:05:31 UTC,,,MD/PhD Program,STUDENT
6/24/19 12:01,1,2019-06-24 19:05:36 UTC,1,2019-06-24 19:05:36 UTC,ACACWS College Work Study CC0287,Student Employee,,EMPLOYEE
6/21/19 8:50,1,2019-06-21 18:54:30 UTC,1,2019-06-21 18:54:30 UTC,MEDINT Endocrinology Other CC1026,Associate Research Scientist in Medicine (Endocrinology),,FACULTY
6/20/19 8:27,12,2019-07-02 14:21:06 UTC,7,2019-07-02 14:21:06 UTC,,,,STUDENT
6/20/19 8:25,20,2019-07-02 14:15:14 UTC,6,2019-07-02 14:13:30 UTC,,,Undeclared,STUDENT
6/12/19 11:17,4,2019-07-29 19:41:43 UTC,4,2019-07-29 19:41:43 UTC,MEDMBB MB and B-All CC0944,Postdoctoral Associate,,FACULTY
6/12/19 9:55,1,2019-06-12 16:55:10 UTC,1,2019-06-12 16:55:10 UTC,ITSSUP Support Center Director CC0152,IT Support Technician,,STAFF
6/5/19 8:24,1,2019-06-05 15:24:06 UTC,1,2019-06-05 15:24:06 UTC,LIBSSS CSSSI Research Supp CC0738,Data Librarian,,STAFF
5/28/19 11:14,69,2019-08-14 13:29:50 UTC,36,2019-08-14 13:29:50 UTC,,,,
4/23/19 19:04,3,2019-07-25 00:00:54 UTC,1,2019-07-25 00:00:00 UTC,,,,
4/17/19 11:49,115,2019-10-02 23:14:52 UTC,37,2019-10-02 23:14:46 UTC,,,Cellular&Molecular Physiology,STUDENT
4/4/19 9:42,6,2019-04-04 19:30:28 UTC,2,2019-04-04 19:24:01 UTC,,,,
4/2/19 12:05,0,,0,,,,,
4/2/19 12:05,440,2020-05-06 05:58:18 UTC,76,2020-05-06 05:58:18 UTC,,,,STUDENT
4/2/19 12:05,0,,0,,MEDLAB Laboratory Medicine CC1107,Associate Research Scientist in Laboratory Medicine,,FACULTY
4/2/19 12:04,0,,0,,,,,
4/2/19 12:04,128,2020-06-27 15:18:39 UTC,39,2020-06-27 15:18:39 UTC,,,Cell Biology,STUDENT
4/2/19 12:03,24,2019-05-24 15:06:22 UTC,7,2019-05-24 15:06:17 UTC,,,,
4/2/19 12:03,3,2019-05-14 15:38:27 UTC,2,2019-05-14 15:34:15 UTC,MEDLAB Laboratory Medicine CC1107,Research Associate Laboratory Medicine,,STAFF
4/2/19 12:02,596,2020-03-19 16:21:38 UTC,180,2020-03-19 16:21:38 UTC,,,,STUDENT
4/2/19 12:01,148,2020-03-20 12:05:16 UTC,19,2020-03-20 12:05:16 UTC,MEDLAB Laboratory Medicine CC1107,Research Associate Laboratory Medicine,,STAFF
4/1/19 7:38,19,2019-06-05 19:29:52 UTC,4,2019-06-05 14:02:33 UTC,MEDPAT Clinical Labs and Contracts CC1038,Professor of Pathology  and of Laboratory Medicine,,FACULTY
3/14/19 13:49,51,2019-05-07 13:49:01 UTC,8,2019-05-07 13:46:38 UTC,,,,
3/12/19 6:14,285,2020-03-06 02:16:31 UTC,83,2020-03-06 02:15:52 UTC,MEDMBB MB and B-All CC0944,Postdoctoral Fellow,,FACULTY
3/11/19 13:13,115,2020-07-08 13:48:21 UTC,12,2020-07-08 13:48:21 UTC,MEDPHA Pharmacology-All CC0947,Postdoctoral Associate,,FACULTY
2/25/19 10:36,1,2019-02-25 19:33:56 UTC,1,2019-02-25 19:33:56 UTC,,,Comb Progs:Biol&Biomed Science,STUDENT
2/14/19 11:28,4,2019-02-14 19:31:15 UTC,1,2019-02-14 19:28:41 UTC,,,,
2/5/19 5:30,6,2019-02-05 13:36:58 UTC,1,2019-02-05 13:30:45 UTC,MEDMPA Microbial Pathogenesis-All CC0927,Research Affiliates,,MEMBER
1/18/19 8:47,23,2019-11-10 21:29:43 UTC,4,2019-11-10 21:29:43 UTC,,,,
1/15/19 10:18,256,2019-05-23 16:39:06 UTC,39,2019-05-23 15:32:43 UTC,,,,
12/27/18 21:06,6,2018-12-29T02:01:26+00:00,4,2018-12-29T02:01:26+00:00,,,Engineering & Applied Science,STUDENT
12/21/18 13:17,1,2018-12-21 21:17:54 UTC,1,2018-12-21 21:17:54 UTC,MEDINT Cardiology CC1022,Postdoctoral Fellow,,FACULTY
12/10/18 10:07,16,2019-03-15 15:46:29 UTC,2,2019-03-15 15:46:29 UTC,MEDIMU Immunobiology-All CC0943,Postdoctoral Associate,,FACULTY
12/10/18 10:07,1,2019-03-01 11:31:39 UTC,1,2019-03-01 11:31:39 UTC,,,,
11/27/18 10:52,1,2018-11-27 19:09:12 UTC,1,2018-11-27 19:09:12 UTC,,,,
11/27/18 8:49,485,2020-01-14 19:48:42 UTC,84,2020-01-14 19:48:42 UTC,,,Microbiology,STUDENT
10/25/18 8:02,1,2018-10-25 15:03:24 UTC,1,2018-10-25 15:03:24 UTC,FASMCD MCDB CC0519,Postdoctoral Associate,,FACULTY
10/23/18 11:39,3,2018-10-23 18:43:06 UTC,1,2018-10-23 18:40:40 UTC,,,,
10/19/18 6:48,1,2018-10-19 14:48:33 UTC,1,2018-10-19 14:48:33 UTC,MEDSUR Surgical Education CC1058,Hospital Resident,,MEMBER
10/19/18 6:48,37,2019-05-21 20:06:28 UTC,11,2019-05-21 19:59:08 UTC,,,,
10/9/18 10:37,1001,2019-07-17 02:21:13 UTC,75,2019-07-17 02:21:13 UTC,,,"Molecular,Cellular,Dev Biology",STUDENT
10/4/18 13:41,1,2018-10-04 20:41:26 UTC,1,2018-10-04 20:41:26 UTC,MEDLAB Laboratory Medicine CC1107,Assistant Professor of Laboratory Medicine and of Immunobiology,,FACULTY
10/1/18 11:32,7,2018-10-02 19:14:14 UTC,3,2018-10-02 18:34:56 UTC,,,,
9/24/18 11:14,187,2019-06-11 16:25:06 UTC,20,2019-06-11 16:25:06 UTC,FASEAS BME Faculty CC0509,Postdoctoral Associate,,FACULTY
9/21/18 9:07,105,2019-10-25 15:16:18 UTC,16,2019-10-25 15:16:18 UTC,,,Experimental Pathology,STUDENT
9/19/18 8:25,1,2018-09-19 15:25:11 UTC,1,2018-09-19 15:25:11 UTC,FASEAS BME Faculty CC0509,Associate Professor Tenure,,FACULTY
9/17/18 8:30,1,2018-09-17 15:30:38 UTC,1,2018-09-17 15:30:38 UTC,,,Molecular Biophysics & Biochem,STUDENT
9/10/18 8:48,31,2019-05-24 14:14:44 UTC,15,2019-05-24 13:19:48 UTC,,,Microbiology,STUDENT
9/4/18 12:46,0,,0,,,,,
8/28/18 11:21,8,2019-01-18 18:42:21 UTC,5,2019-01-18 18:42:21 UTC,MEDSPH Environmental Health Sciences (EHS) CC0939,Postdoctoral Associate,,FACULTY
8/24/18 6:38,18,2018-08-28 18:04:43 UTC,2,2018-08-28 17:26:28 UTC,,,Microbiology,STUDENT
8/20/18 12:00,10,2018-08-22 16:48:46 UTC,2,2018-08-22 16:48:46 UTC,MEDIMU Immunobiology-All CC0943,Research Assistant 3 MS,,STAFF
8/20/18 11:55,673,2019-07-02 22:04:11 UTC,77,2019-07-02 19:48:41 UTC,,,,
8/20/18 8:26,6,2018-08-20 15:32:02 UTC,1,2018-08-20 15:26:55 UTC,FASMCD MCDB CC0519,"Associate Research Scientist in Molecular, Cellular, and Developmental Biology",,FACULTY
8/20/18 7:08,917,2020-07-07 16:24:03 UTC,130,2020-07-07 13:58:45 UTC,MEDLAB Laboratory Medicine CC1107,Instructor,,FACULTY
8/11/18 20:26,2444,2020-07-08 14:15:26 UTC,418,2020-07-08 14:15:08 UTC,MEDPHA Pharmacology-All CC0947,Research Associate 2,,STAFF
8/9/18 7:47,1,2018-08-09 14:48:43 UTC,1,2018-08-09 14:48:43 UTC,MEDSPH Epidemiology of Microbial Diseases (EMD) CC0941,Assistant Professor of Epidemiology (Microbial Diseases),,FACULTY
7/27/18 8:46,22,2019-03-26 17:03:03 UTC,3,2019-03-26 17:03:03 UTC,MEDCMP C And M Physiology-All CC0929,Postdoctoral Associate,,FACULTY
7/19/18 14:20,4,2018-08-06 17:39:52 UTC,4,2018-08-06 17:39:52 UTC,,,,
7/17/18 11:04,592,2020-05-04 14:07:38 UTC,132,2020-05-04 13:42:41 UTC,MEDSPH Epidemiology of Microbial Diseases (EMD) CC0941,Research Assistant 1 MS,,STAFF
7/12/18 12:10,5,2018-07-13 14:52:24 UTC,2,2018-07-13 14:52:24 UTC,MEDDRA Radiology CC1075,Assistant Professor,,FACULTY
7/10/18 9:58,12,2018-08-08 19:05:11 UTC,3,2018-08-08 19:00:58 UTC,MEDLAB Laboratory Medicine CC1107,Research Affiliates,,MEMBER
7/8/18 2:31,16,2018-07-09 13:34:54 UTC,2,2018-07-09 13:30:22 UTC,,,Public Health,STUDENT
6/28/18 8:04,1,2018-06-29 13:09:59 UTC,1,2018-06-29 13:09:59 UTC,,,MD/PhD Program,STUDENT
6/28/18 8:03,30,2018-11-29 20:57:27 UTC,3,2018-11-29 19:57:38 UTC,MEDSUR Transplant CC1069,Associate Research Scientist of Surgery (Transplant),,FACULTY
6/27/18 8:25,9,2019-04-15 18:42:54 UTC,3,2019-04-15 18:42:29 UTC,MEDMPA Microbial Pathogenesis-All CC0927,Animal Technician 3,,STAFF
6/25/18 10:52,3144,2020-07-09 14:06:17 UTC,870,2020-07-09 14:05:33 UTC,MEDINT Nephrology Other CC1032,Postgraduate Associate,,FACULTY
6/15/18 7:07,2,2018-06-15 14:12:29 UTC,1,2018-06-15 14:10:27 UTC,,,,
6/14/18 10:17,21,2018-06-20 03:22:11 UTC,2,2018-06-20 03:09:29 UTC,MEDSPH Epidemiology of Microbial Diseases (EMD) CC0941,Research Affiliates,,MEMBER
6/14/18 10:16,52,2018-08-24 14:03:21 UTC,12,2018-08-24 13:58:10 UTC,,,Public Health,STUDENT
6/14/18 9:41,339,2020-03-14 16:21:52 UTC,51,2020-03-14 16:21:27 UTC,MEDSPH Epidemiology of Microbial Diseases (EMD) CC0941,Associate Research Scientist in Epidemiology (Microbial Diseases),,FACULTY
6/14/18 9:37,313,2019-10-02 01:16:57 UTC,47,2019-10-02 01:16:57 UTC,MEDSPH Epidemiology of Microbial Diseases (EMD) CC0941,Associate Professor of Epidemiology (Microbial Diseases),,FACULTY
6/11/18 14:34,1,2018-06-11 21:34:55 UTC,1,2018-06-11 21:34:55 UTC,,,,
6/9/18 12:04,1,2018-06-09 19:05:01 UTC,1,2018-06-09 19:05:01 UTC,FASMCD MCDB CC0519,"Assistant Professor of Molecular, Cellular and Developmental Biology and of Chemistry",,FACULTY
6/6/18 7:57,80,2020-01-21 17:50:26 UTC,17,2020-01-21 17:50:26 UTC,MEDPHA Pharmacology-All CC0947,Assistant Professor of Pharmacology,,FACULTY
6/1/18 12:01,2,2018-06-27 18:23:45 UTC,2,2018-06-27 18:23:45 UTC,MEDMPA Microbial Pathogenesis-All CC0927,Animal Technician 2,,STAFF
6/1/18 12:00,33,2019-03-21 14:39:23 UTC,12,2019-03-21 14:39:17 UTC,,,Microbiology,STUDENT
6/1/18 12:00,499,2019-08-29 18:31:39 UTC,102,2019-08-29 18:31:39 UTC,MEDMPA Microbial Pathogenesis-All CC0927,Postdoctoral Associate,,FACULTY
6/1/18 11:59,795,2020-07-02 17:53:11 UTC,180,2020-07-02 17:53:11 UTC,MEDMPA Microbial Pathogenesis-All CC0927,"Research Associate 3, MS",,STAFF
5/31/18 14:44,42,2019-06-14 16:11:19 UTC,19,2019-06-14 16:11:19 UTC,,,,
5/31/18 14:29,79,2019-05-14 18:13:30 UTC,22,2019-05-14 18:13:30 UTC,MEDMPA Microbial Pathogenesis-All CC0927,Associate Research Scientist,,FACULTY
5/31/18 14:14,93,2018-08-17 18:19:10 UTC,9,2018-08-17 16:18:35 UTC,,,,
5/31/18 10:10,14,2018-08-29 15:16:34 UTC,10,2018-08-29 15:16:34 UTC,,,,
5/31/18 8:17,4,2018-05-31 15:18:41 UTC,1,2018-05-31 15:17:50 UTC,MEDMBB MB and B-All CC0944,Postdoctoral Associate,,FACULTY
5/30/18 13:15,2,2018-05-30 20:26:03 UTC,1,2018-05-30 20:15:54 UTC,MEDNSG Neurosurgery - All CC1108,Associate Research Scientist in Neurosurgery,,FACULTY
5/27/18 19:05,1105,2019-08-12 17:58:15 UTC,71,2019-08-02 18:31:22 UTC,MEDMPA Microbial Pathogenesis-All CC0927,C.N.H. Long Professor of Microbial Pathogenesis and Director of Microbial Sciences Institute,,FACULTY
5/14/18 6:22,429,2018-12-11 08:54:23 UTC,14,2018-12-11 08:54:23 UTC,,,,STUDENT
5/9/18 6:11,80,2020-01-17 20:37:56 UTC,9,2020-01-17 20:30:08 UTC,MEDCMP C And M Physiology-All CC0929,Associate Research Scientist,,FACULTY
5/8/18 7:41,3,2018-05-08 16:13:00 UTC,1,2018-05-08 16:11:04 UTC,,,,
5/8/18 7:41,518,2020-06-08 11:33:38 UTC,118,2020-06-08 11:33:37 UTC,,,Molecular Biophysics & Biochem,STUDENT
5/7/18 14:51,15,2018-05-08 17:18:04 UTC,2,2018-05-08 17:18:04 UTC,WCAADM West Campus - All CC0667,Research Support Specialist-Microscopy,,STAFF
5/7/18 14:10,150,2019-04-02 17:11:04 UTC,19,2019-04-02 17:11:04 UTC,MEDASA Interdepartmental Neuroscience PhD CC0901,Graduate School Student,,EMPLOYEE
5/7/18 11:49,2556,2020-07-09 15:40:08 UTC,583,2020-07-09 15:39:59 UTC,MEDCMP C And M Physiology-All CC0929,Associate Research Scientist,,FACULTY
5/3/18 12:13,428,2020-03-02 16:50:19 UTC,49,2020-03-02 16:44:50 UTC,UUGUUG Interim Employment Pool (IEP) CC1606,Research Assistant Pathology,,STAFF
5/3/18 12:10,610,2020-02-15 18:51:50 UTC,102,2020-02-15 18:51:41 UTC,MEDPAT MPATH-All CC1037,Associate Professor of Pathology,,FACULTY
4/28/18 7:19,2,2018-05-01 17:08:40 UTC,1,2018-04-28 14:19:33 UTC,MEDPED Neonatology CC1052,Associate Research Scientist in Pediatrics,,FACULTY
4/19/18 13:41,100,2018-06-29 14:09:20 UTC,8,2018-06-29 14:09:20 UTC,FASEAS BME Faculty CC0509,Postdoctoral Associate,,FACULTY
4/17/18 12:33,15,2018-04-17 20:39:15 UTC,2,2018-04-17 20:39:15 UTC,FASMCD MCDB CC0519,Postdoctoral Associate,,FACULTY
4/17/18 11:36,9,2018-05-21 15:28:47 UTC,3,2018-05-21 15:28:47 UTC,MEDGEN Genetics-All CC1100,Research Associate 1 MS,,STAFF
4/12/18 7:57,201,2019-08-22 19:53:18 UTC,37,2019-08-22 19:53:18 UTC,,,,
4/9/18 20:33,28,2018-04-10 03:42:31 UTC,1,2018-04-10 03:33:26 UTC,,,,
4/9/18 8:58,10898,2020-05-10 21:33:39 UTC,493,2020-05-10 21:29:32 UTC,,,Experimental Pathology,STUDENT
4/4/18 8:18,2,2018-04-04 15:20:21 UTC,0,,MEDINT Infectious Diseases CC1030,"Research Associate 3, HSS",,STAFF
4/2/18 15:02,23,2018-04-02 22:40:08 UTC,1,2018-04-02 22:03:13 UTC,FASMCD MCDB CC0519,"Postdoctoral Associate in Molecular, Cellular and Developmental Biology",,FACULTY
4/2/18 11:58,1643,2020-07-09 14:51:14 UTC,296,2020-07-09 14:51:14 UTC,,,Molecular Biophysics & Biochem,STUDENT
3/21/18 9:33,3,2018-03-21 16:37:16 UTC,1,2018-03-21 16:34:03 UTC,MEDCMP C And M Physiology-All CC0929,Associate Professor Term of Cellular & Molecular Physiology,,FACULTY
3/12/18 10:18,1,2018-03-12 17:18:06 UTC,1,2018-03-12 17:18:06 UTC,FASEAS BME Faculty CC0509,Research Assistant Biomedical Engineering (SEAS),,STAFF
3/7/18 7:13,5,2018-10-24 18:27:10 UTC,3,2018-10-24 18:27:10 UTC,FASMCD MCDB CC0519,"Postdoctoral Associate in Molecular, Cellular, and Developmental Biology",,FACULTY
2/26/18 8:10,12,2018-02-26 16:47:54 UTC,1,2018-02-26 16:10:53 UTC,MEDINT Infectious Diseases CC1030,Gustavus and Louise Pfeiffer Research Foundation M.D.-Ph.D. Program Director and Professor of Medicine (Infectious Diseases) and of Microbial Pathogenesis,,FACULTY
2/20/18 7:49,3210,2020-07-01 00:13:23 UTC,407,2020-07-01 00:13:14 UTC,,,Microbiology,STUDENT
2/18/18 8:09,747,2020-06-11 16:07:06 UTC,153,2020-06-11 16:07:06 UTC,MEDMPA Microbial Pathogenesis-All CC0927,Research Affiliates,,MEMBER
2/14/18 4:23,2,2018-02-14 12:37:42 UTC,1,2018-02-14 12:23:55 UTC,,,,
1/26/18 11:07,71,2019-01-30 12:41:37 UTC,29,2019-01-30 12:41:37 UTC,MEDSUR Surgical Education CC1058,Hospital Resident,,MEMBER
1/23/18 8:45,7,2018-06-22 22:35:14 UTC,4,2018-06-22 22:35:14 UTC,MEDIMU Immunobiology-All CC0943,Postdoctoral Associate in Immunobiology,,FACULTY
1/21/18 16:16,9,2018-01-22 00:21:39 UTC,7,2018-01-22 00:21:39 UTC,,,,
1/19/18 13:25,97,2018-04-27 18:16:53 UTC,21,2018-04-27 18:16:53 UTC,,,,
1/15/18 13:07,130,2018-08-15 21:35:36 UTC,41,2018-08-15 21:35:28 UTC,,,Medicine,STUDENT
1/5/18 16:27,4,2018-01-06 00:34:20 UTC,1,2018-01-06 00:27:31 UTC,MEDPSY Psych Divisions-Ribicoff Labs CC1095,Associate Research Scientist in Psychiatry,,FACULTY
1/5/18 16:26,0,,0,,,,,
12/18/17 9:24,1,2017-12-20 13:40:14 UTC,1,2017-12-20 13:40:14 UTC,,,,
11/29/17 4:33,190,2018-05-25 19:39:29 UTC,44,2018-05-25 19:19:39 UTC,,,,
11/29/17 4:33,143,2018-05-25 17:33:51 UTC,44,2018-05-25 17:33:51 UTC,,,,
11/29/17 4:33,339,2018-11-08 20:46:23 UTC,62,2018-11-08 20:41:27 UTC,MEDINT Nephrology Other CC1032,Postdoctoral Fellow,,EMPLOYEE
11/29/17 4:33,3,2018-01-22 00:37:11 UTC,1,2018-01-22 00:23:58 UTC,,,,
11/29/17 4:33,145,2018-12-11 18:13:37 UTC,31,2018-12-11 18:12:24 UTC,MEDSUR Transplant CC1069,Postgraduate Fellow,,FACULTY
11/9/17 7:56,1,2017-11-10 16:34:43 UTC,1,2017-11-10 16:34:43 UTC,,,Immunobiology,STUDENT
10/31/17 17:13,27,2017-11-01 01:11:44 UTC,3,2017-11-01 00:31:11 UTC,,,,
10/27/17 12:30,63,2018-01-04 20:20:12 UTC,21,2018-01-04 20:20:12 UTC,,,Immunobiology,STUDENT
10/27/17 4:35,4,2017-11-30 18:34:26 UTC,2,2017-11-30 18:31:22 UTC,,,,
10/16/17 8:20,6,2017-10-30 20:11:44 UTC,3,2017-10-30 20:11:44 UTC,,,,
10/11/17 18:37,1,2017-10-12 01:37:28 UTC,1,2017-10-12 01:37:28 UTC,,,,
9/23/17 11:50,1,2017-09-23 18:50:59 UTC,1,2017-09-23 18:50:59 UTC,,,,
9/8/17 8:18,2,2017-09-08 15:27:35 UTC,1,2017-09-08 15:18:24 UTC,FASMCD MCDB CC0519,"Postdoctoral Associate in Molecular, Cellular, and Developmental Biology",,FACULTY
9/7/17 8:44,1,2017-09-07 15:44:32 UTC,1,2017-09-07 15:44:32 UTC,FASEAS BME Faculty CC0509,Associate Research Scientist,,FACULTY
8/14/17 16:31,1,2017-08-14 23:31:49 UTC,1,2017-08-14 23:31:49 UTC,,,,
8/9/17 9:30,7,2017-11-07 17:33:12 UTC,1,2017-11-07 17:33:12 UTC,,,,
8/7/17 18:14,124,2019-11-20 16:03:25 UTC,43,2019-11-20 16:03:25 UTC,MEDIMU Immunobiology-All CC0943,Postdoctoral Fellow,,FACULTY
7/31/17 8:48,18,2018-09-25 18:37:21 UTC,4,2018-09-25 18:37:21 UTC,MEDIMU Immunobiology-All CC0943,"Research Associate 2, MS",,STAFF
7/28/17 8:17,249,2020-07-07 10:53:30 UTC,20,2020-07-07 10:37:07 UTC,,,,
7/27/17 14:17,5023,2020-07-09 18:07:07 UTC,641,2020-07-09 18:07:07 UTC,,,MD/PhD Program,STUDENT
7/19/17 6:48,1499,2019-10-22 21:42:32 UTC,186,2019-10-22 21:42:32 UTC,,,,
7/12/17 15:22,23,2019-06-27 19:13:46 UTC,6,2019-06-27 19:13:46 UTC,MEDPHA Pharmacology-All CC0947,Professor of Pharmacology and of Cellular And Molecular Physiology,,FACULTY
7/11/17 15:47,2,2017-07-11 23:37:12 UTC,1,2017-07-11 23:36:51 UTC,,,,
7/5/17 11:03,263,2019-07-14 20:16:58 UTC,64,2019-07-14 20:16:58 UTC,ACACWS College Work Study CC0287,Student Employee,,EMPLOYEE
7/5/17 11:02,627,2018-05-30 23:25:21 UTC,174,2018-05-30 22:34:52 UTC,,,,
6/28/17 6:48,84,2018-06-18 14:36:24 UTC,8,2018-06-18 14:35:55 UTC,MEDLAB Laboratory Medicine CC1107,Postgraduate Associate,,FACULTY
6/26/17 12:27,183,2018-05-15 19:09:54 UTC,40,2018-05-15 17:18:44 UTC,,,,
6/26/17 12:26,3308,2019-05-30 18:28:50 UTC,554,2019-05-30 18:27:51 UTC,,,,
6/26/17 11:07,4423,2020-07-07 19:45:16 UTC,863,2020-07-07 19:43:39 UTC,MEDINT Nephrology Other CC1032,Assistant Professor of Medicine (Nephrology),,FACULTY
6/12/17 8:55,945,2019-03-31 18:10:11 UTC,101,2019-03-31 18:10:11 UTC,,,,
6/12/17 6:20,325,2017-08-14 11:41:59 UTC,33,2017-08-14 04:02:02 UTC,,,Public Health,STUDENT
5/8/17 14:51,1,2017-05-08 21:51:57 UTC,1,2017-05-08 21:51:57 UTC,,,Molecular Biophysics & Biochem,STUDENT
4/21/17 11:00,2,2017-04-21 18:09:53 UTC,1,2017-04-21 18:00:21 UTC,,,,
4/6/17 13:07,9,2017-09-29 14:12:53 UTC,4,2017-06-06 13:02:33 UTC,,,,
4/6/17 12:09,72,2017-07-27 20:31:52 UTC,13,2017-07-27 20:31:52 UTC,,,Molecular Biophysics & Biochem,STUDENT
3/28/17 13:37,33,2017-04-03 21:15:53 UTC,4,2017-04-03 19:49:14 UTC,,,,
2/11/17 10:37,49,2019-08-16 18:36:58 UTC,8,2019-08-16 18:36:58 UTC,FASMCD MCDB CC0519,Associate Research Scientist,,FACULTY
2/9/17 13:24,1,2017-02-09 21:24:19 UTC,1,2017-02-09 21:24:19 UTC,,,,
2/7/17 8:25,91,2018-12-14 19:25:31 UTC,19,2018-12-14 18:19:51 UTC,,,Public Health,STUDENT
2/3/17 18:44,3,2017-02-04 02:46:40 UTC,1,2017-02-04 02:44:25 UTC,MEDNSC MNBIO Neuroscience Department CC0928,Associate Research Scientist in Neuroscience,,FACULTY
2/2/17 13:21,56,2017-03-03 21:35:40 UTC,6,2017-03-03 21:35:40 UTC,MEDMPA Microbial Pathogenesis-All CC0927,Postdoctoral Associate in Microbial Pathogenesis,,FACULTY
1/14/17 11:10,5,2017-01-14 19:16:01 UTC,3,2017-01-14 19:16:01 UTC,,,,
12/17/16 11:27,1,2016-12-17 19:27:17 UTC,1,2016-12-17 19:27:17 UTC,FASPSC Political Science CC0497,Graduate School Student,,EMPLOYEE
12/14/16 13:16,296,2018-10-15 15:44:37 UTC,117,2018-10-15 15:44:37 UTC,,,Pharmacology,STUDENT
12/5/16 7:59,172,2019-09-25 23:00:00 UTC,32,2019-09-25 23:00:00 UTC,MEDIMU Immunobiology-All CC0943,Postdoctoral Fellow,,FACULTY
11/14/16 8:19,1,2016-11-14 16:19:57 UTC,1,2016-11-14 16:19:57 UTC,,,Molecular Biophysics & Biochem,STUDENT
11/6/16 13:50,2,2016-11-06 22:04:47 UTC,1,2016-11-06 21:50:03 UTC,,,,
10/13/16 12:58,1,2016-10-13 19:58:52 UTC,1,2016-10-13 19:58:52 UTC,,,,
10/13/16 1:06,1,2016-10-13 08:06:51 UTC,1,2016-10-13 08:06:51 UTC,,,,
10/12/16 7:05,22,2017-10-09 20:36:38 UTC,9,2017-10-09 20:28:07 UTC,MEDSPH Environmental Health Sciences (EHS) CC0939,Associate Research Scientist in Epidemiology (Environmental Health Sciences),,FACULTY
10/5/16 11:56,1061,2017-06-29 17:04:59 UTC,195,2017-06-29 17:04:59 UTC,,,,
10/4/16 15:14,465,2019-02-22 19:47:32 UTC,100,2019-02-22 19:39:01 UTC,MEDSPH Environmental Health Sciences (EHS) CC0939,Research Affiliates,,MEMBER
10/3/16 12:44,116,2020-03-03 14:33:36 UTC,43,2020-03-03 14:33:36 UTC,MEDSPH Environmental Health Sciences (EHS) CC0939,Assistant Professor of Epidemiology (Environmental Health Sciences),,FACULTY
9/27/16 12:10,1,2016-09-27 19:10:21 UTC,1,2016-09-27 19:10:21 UTC,,,,
9/23/16 14:49,298,2020-02-11 20:49:17 UTC,51,2020-02-11 20:49:17 UTC,,,Molecular Biophysics & Biochem,STUDENT
9/22/16 8:31,81,2017-01-10 20:19:49 UTC,25,2017-01-10 19:10:20 UTC,,,Engineering & Applied Science,STUDENT
9/19/16 10:57,19,2017-04-26 20:10:08 UTC,11,2017-04-26 20:05:52 UTC,,,,
9/15/16 15:10,3,2018-06-12 01:42:23 UTC,2,2018-06-12 01:42:23 UTC,MEDIMU Immunobiology-All CC0943,Associate Research Scientist,,FACULTY
9/15/16 14:47,544,2019-08-01 16:36:18 UTC,77,2019-08-01 16:36:18 UTC,,,Immunobiology,STUDENT
9/12/16 8:25,9,2016-10-10 18:27:26 UTC,3,2016-10-10 17:54:42 UTC,,,Molecular Biophysics & Biochem,STUDENT
9/8/16 9:35,1,2016-09-08 16:35:46 UTC,1,2016-09-08 16:35:46 UTC,,,,
9/7/16 15:34,15,2016-11-23 15:07:49 UTC,6,2016-11-23 15:07:41 UTC,,,,
9/6/16 17:30,165,2019-05-06 16:55:42 UTC,58,2019-05-06 14:51:16 UTC,,,,
9/6/16 10:58,236,2017-08-24 14:57:35 UTC,30,2017-08-24 14:57:35 UTC,,,Microbiology,STUDENT
8/24/16 13:31,2,2016-08-24 20:33:55 UTC,1,2016-08-24 20:31:14 UTC,,,,
8/2/16 7:01,8,2016-08-04 23:32:06 UTC,3,2016-08-04 23:32:06 UTC,MEDPHA Pharmacology-All CC0947,Postdoctoral Fellow,,FACULTY
7/24/16 7:50,2,2016-07-24 14:54:20 UTC,1,2016-07-24 14:51:56 UTC,MEDMBB MB and B-All CC0944,Graduate School Student,,EMPLOYEE
7/14/16 10:31,3,2016-07-19 15:11:12 UTC,2,2016-07-19 15:10:12 UTC,MEDNSG Neurosurgery - All CC1108,Hospital Resident,,MEMBER
7/12/16 11:08,1,2016-07-12 18:08:24 UTC,1,2016-07-12 18:08:24 UTC,,,MD/PhD Program,STUDENT
6/28/16 7:39,4,2016-06-28 14:48:09 UTC,1,2016-06-28 14:43:04 UTC,,,,
6/28/16 6:44,1,2016-06-28 13:45:30 UTC,1,2016-06-28 13:45:30 UTC,,,,
6/23/16 12:01,79,2016-10-14 12:45:25 UTC,9,2016-10-14 12:45:25 UTC,MEDMBB MB and B-All CC0944,Postdoctoral Associate,,FACULTY
6/17/16 9:36,24,2016-07-14 16:23:03 UTC,5,2016-07-14 14:12:56 UTC,,,,
6/10/16 15:22,1,2016-06-10 22:22:39 UTC,1,2016-06-10 22:22:39 UTC,,,,
6/9/16 13:21,32,2019-05-16 17:42:46 UTC,27,2019-05-16 17:42:46 UTC,,,Engineering & Applied Science,STUDENT
6/2/16 13:12,1,2016-06-02 20:12:29 UTC,1,2016-06-02 20:12:29 UTC,MEDGEN Genetics-All CC1100,Associate Professor of Genetics and of Neuroscience,,FACULTY
6/1/16 6:59,43,2016-07-30 12:58:05 UTC,23,2016-07-30 12:58:05 UTC,,,,
5/27/16 14:22,3,2016-05-27 21:31:07 UTC,1,2016-05-27 21:22:51 UTC,FASMCD MCDB CC0519,"Associate Professor of Molecular, Cellular and Developmental Biology and of Physics and of Neuroscience",,FACULTY
5/18/16 8:21,0,,0,,,,,
5/11/16 13:04,16,2017-06-19 19:17:42 UTC,4,2017-06-19 19:10:53 UTC,,,MD/PhD Program,STUDENT
5/3/16 11:57,84,2016-06-24 20:34:55 UTC,14,2016-06-24 20:31:36 UTC,MEDINT Pulmonary Other CC1034,Research Affiliates,,MEMBER
4/29/16 10:51,215,2017-07-17 15:18:30 UTC,14,2017-07-17 14:36:52 UTC,,,Microbiology,STUDENT
4/25/16 15:57,5,2016-04-26 20:02:57 UTC,1,2016-04-26 19:44:31 UTC,,,Physics,STUDENT
4/25/16 8:33,32,2016-12-19 18:49:47 UTC,11,2016-12-19 18:49:14 UTC,MEDMBB MB and B-All CC0944,Associate Reseacrh Scientist,,FACULTY
4/20/16 13:12,15,2016-08-17 15:26:49 UTC,12,2016-08-17 15:26:49 UTC,,,,
4/18/16 6:19,43,2016-09-28 15:59:44 UTC,14,2016-09-28 15:59:44 UTC,,,,
4/7/16 10:19,1,2016-04-07 17:20:03 UTC,1,2016-04-07 17:20:03 UTC,,,,
3/30/16 11:47,224,2016-10-12 17:33:39 UTC,54,2016-10-12 17:33:39 UTC,MEDMBB MB and B-All CC0944,Graduate School Student,,EMPLOYEE
3/30/16 10:45,1,2016-03-30 17:45:39 UTC,1,2016-03-30 17:45:39 UTC,,,,
3/30/16 8:00,7,2016-04-21 18:30:17 UTC,2,2016-04-21 15:19:43 UTC,MEDINT Pulmonary Other CC1034,Research Scientist,,FACULTY
3/17/16 15:03,1,2016-03-17 22:03:31 UTC,1,2016-03-17 22:03:31 UTC,,,,
3/16/16 15:40,4,2016-03-17 22:03:25 UTC,3,2016-03-17 22:02:28 UTC,MEDPSY Psych Divisions-CNRU CC1096,Associate Professor of Psychiatry,,FACULTY
3/15/16 12:43,65,2016-03-24 16:10:53 UTC,7,2016-03-24 16:10:53 UTC,,,Interdpt Neuroscience Pgm,STUDENT
3/15/16 12:42,10,2016-03-16 16:59:16 UTC,2,2016-03-16 15:16:23 UTC,,,,
3/14/16 14:09,7,2016-03-15 20:24:33 UTC,2,2016-03-15 19:48:34 UTC,,,,
2/26/16 8:39,35,2016-02-26 18:11:19 UTC,3,2016-02-26 17:26:43 UTC,MEDINT Geriatrics Other CC1028,Professor of Medicine (Geriatrics),,FACULTY
2/19/16 8:41,8,2017-08-18 22:19:14 UTC,3,2017-08-18 22:07:54 UTC,,,,
2/18/16 15:37,237,2017-04-28 15:53:27 UTC,51,2017-04-28 15:53:27 UTC,,,,
2/11/16 11:13,5,2016-06-22 19:27:18 UTC,3,2016-06-22 19:27:18 UTC,ACAOSA Office of Strategic Analysis CC1426,"Analyst, Strategic Analysis",,STAFF
2/11/16 11:05,25,2016-03-29 22:54:58 UTC,6,2016-03-29 22:54:58 UTC,,,Physics,STUDENT
2/9/16 9:11,184,2018-06-11 17:51:37 UTC,43,2018-06-11 17:51:36 UTC,,,Microbiology,STUDENT
2/5/16 14:35,1912,2017-07-05 17:09:38 UTC,306,2017-07-05 17:09:38 UTC,,,,
2/2/16 12:33,184,2016-12-01 20:36:07 UTC,42,2016-12-01 20:36:07 UTC,MEDNEU Neurology Neuroscience CC0836,Postdoctoral Associate,,FACULTY
2/2/16 8:14,40,2017-06-20 13:09:01 UTC,33,2017-06-20 13:09:01 UTC,MEDMBB MB and B-All CC0944,Postgraduate Associate,,FACULTY
2/1/16 18:44,145,2016-08-15 21:53:23 UTC,42,2016-08-15 21:53:23 UTC,MEDSUR Plastics CC1065,Associate Research Scientist of Surgery (Plastic),,FACULTY
2/1/16 6:23,2,2016-02-01 14:24:21 UTC,1,2016-02-01 14:23:40 UTC,,,,
1/27/16 13:43,244,2016-07-14 17:53:59 UTC,8,2016-07-14 17:47:10 UTC,MEDSUR Plastics CC1065,Associate Professor of Surgery (Plastic),,FACULTY
1/22/16 14:51,13,2016-03-15 15:26:38 UTC,12,2016-03-15 15:26:38 UTC,,,Physics,STUDENT
1/22/16 11:40,688,2016-11-16 20:25:42 UTC,152,2016-11-16 20:25:42 UTC,,,,
1/15/16 6:08,60,2016-03-30 17:53:31 UTC,28,2016-03-30 17:53:06 UTC,,,,
1/13/16 12:59,99,2016-03-02 19:31:28 UTC,25,2016-03-02 19:27:16 UTC,,,Molecular Biophysics & Biochem,STUDENT
1/11/16 10:23,919,2017-04-13 17:49:56 UTC,167,2017-04-13 17:49:56 UTC,,,,
1/7/16 22:29,1,2016-01-08 06:29:48 UTC,1,2016-01-08 06:29:48 UTC,,,Statistics and Data Science,STUDENT
1/4/16 13:50,1115,2016-12-15 20:50:21 UTC,133,2016-12-15 20:50:21 UTC,,,,
12/23/15 10:19,3432,2018-05-31 17:57:06 UTC,623,2018-05-31 17:57:06 UTC,,,,
12/10/15 12:11,1,2015-12-10 20:11:57 UTC,1,2015-12-10 20:11:57 UTC,,,Chemistry,STUDENT
12/10/15 7:09,21,2016-02-26 21:11:13 UTC,7,2016-02-26 20:51:18 UTC,,,Chemistry,STUDENT
12/10/15 7:08,53,2016-03-08 05:13:11 UTC,16,2016-03-08 05:11:59 UTC,,,Chemistry,STUDENT
12/8/15 8:28,19,2015-12-08 17:49:40 UTC,1,2015-12-08 16:28:57 UTC,,,,
11/22/15 15:31,2,2015-12-02 16:18:01 UTC,2,2015-12-02 16:18:01 UTC,,,Genetics,STUDENT
11/19/15 7:15,12,2015-11-19 16:20:52 UTC,2,2015-11-19 16:20:15 UTC,MEDPED Gastroenterology CC1044,Assistant Professor of Pediatrics (GI),,FACULTY
11/18/15 8:03,41,2016-05-26 12:16:22 UTC,22,2016-05-26 12:11:18 UTC,,,,
11/16/15 17:07,12,2016-02-16 19:21:08 UTC,6,2016-02-16 19:21:08 UTC,,,,
11/2/15 13:22,646,2017-07-26 20:27:40 UTC,238,2017-07-26 20:27:40 UTC,,,,
10/29/15 9:45,58,2016-09-19 14:09:35 UTC,24,2016-09-19 14:08:36 UTC,,,,
10/21/15 11:50,2,2015-10-22 03:24:41 UTC,1,2015-10-21 18:50:47 UTC,,,,
10/9/15 5:25,1902,2020-04-29 12:12:54 UTC,391,2020-04-29 12:12:54 UTC,,,,
10/7/15 15:53,154,2018-01-24 21:09:50 UTC,41,2018-01-24 21:09:50 UTC,,,,
10/7/15 11:24,46,2016-09-02 19:01:44 UTC,8,2016-09-02 17:01:31 UTC,MEDPHA Pharmacology-All CC0947,Research Scientist,,FACULTY
10/4/15 21:24,1,2015-10-07 16:23:30 UTC,1,2015-10-07 16:23:30 UTC,FASPHY Physics Business Operations CC1504,Israel Munson Professor of Physics,,FACULTY
9/30/15 4:55,12,2015-09-30 13:45:21 UTC,2,2015-09-30 13:35:31 UTC,MEDIRC PET Center CC0950,Senior Associate Scientist Radiology,,STAFF
9/22/15 9:12,1,2015-09-22 16:12:37 UTC,1,2015-09-22 16:12:37 UTC,MEDTRA Therapeutic Radiology CC1074,"Visiting Research Scientist and Project Manager, Dainiak Lab",,FACULTY
9/21/15 14:10,6,2015-11-19 19:19:06 UTC,6,2015-11-19 19:19:06 UTC,,,Chemistry,STUDENT
9/18/15 14:23,19,2016-03-01 17:00:48 UTC,5,2016-03-01 16:48:15 UTC,MEDPAT MPATH-All CC1037,Graduate School Student,,EMPLOYEE
9/11/15 12:13,26,2015-10-06 21:06:17 UTC,6,2015-10-06 21:03:15 UTC,,,,
9/9/15 8:41,22,2015-10-05 14:29:57 UTC,6,2015-10-05 14:14:02 UTC,,,Cell Biology,STUDENT
9/8/15 15:40,4,2015-09-28 20:49:23 UTC,4,2015-09-28 20:49:23 UTC,,,Molecular Biophysics & Biochem,STUDENT
9/8/15 15:40,36,2015-10-26 14:42:27 UTC,17,2015-10-26 14:42:27 UTC,,,Molecular Biophysics & Biochem,STUDENT
9/8/15 14:52,36,2017-10-30 03:22:14 UTC,20,2017-10-30 03:22:13 UTC,,,,
9/4/15 13:33,292,2017-05-04 14:26:51 UTC,86,2017-05-04 14:26:51 UTC,,,,
9/3/15 12:26,1,2015-09-03 19:26:53 UTC,1,2015-09-03 19:26:53 UTC,,,,
8/29/15 6:34,314,2017-06-19 15:02:23 UTC,52,2017-06-19 15:02:23 UTC,,,,
8/27/15 7:36,88,2015-08-31 14:32:05 UTC,2,2015-08-31 14:31:20 UTC,MEDMBB MB and B-All CC0944,Graduate School Student,,EMPLOYEE
8/14/15 7:36,226,2016-10-26 18:19:40 UTC,27,2016-10-26 18:14:58 UTC,,,,
8/10/15 10:21,182,2016-09-23 19:38:34 UTC,72,2016-09-23 19:38:34 UTC,,,Physics,STUDENT
8/8/15 10:08,6,2015-08-08 17:19:40 UTC,1,2015-08-08 17:12:52 UTC,MEDSPH Health Policy and Management (HPM) CC0940,Assistant Professor of Public Health (Health Policy),,FACULTY
7/22/15 13:05,2,2018-03-09 06:56:45 UTC,1,2015-07-22 20:39:45 UTC,,,,
7/16/15 12:12,25,2016-09-19 17:48:10 UTC,9,2016-09-19 17:48:10 UTC,,,,
7/15/15 19:04,3,2015-07-21 07:21:42 UTC,3,2015-07-21 07:21:42 UTC,,,,
7/13/15 6:59,17,2015-08-04 14:29:41 UTC,6,2015-08-04 14:27:08 UTC,,,,
7/9/15 15:54,335,2016-11-30 22:00:52 UTC,54,2016-11-30 21:48:41 UTC,,,,
7/9/15 8:29,136,2017-01-31 15:22:40 UTC,53,2017-01-31 15:21:10 UTC,MEDMBB MB and B-All CC0944,Research Assistant,,STAFF
7/3/15 14:47,21,2015-08-26 14:36:35 UTC,7,2015-08-26 14:36:35 UTC,,,,
7/1/15 6:16,406,2016-02-29 15:24:56 UTC,92,2016-02-29 15:24:56 UTC,,,"Molecular,Cellular,Dev Biology",STUDENT
6/30/15 9:10,37,2015-07-07 17:28:23 UTC,5,2015-07-07 17:28:23 UTC,,,,
6/30/15 6:20,362,2015-08-21 19:50:35 UTC,41,2015-08-21 18:32:21 UTC,,,,
6/30/15 6:19,125,2015-08-20 18:34:24 UTC,26,2015-08-20 18:30:31 UTC,,,,
6/25/15 15:11,2,2015-07-14 05:19:23 UTC,0,,,,,
6/24/15 8:00,17,2015-07-08 20:56:26 UTC,5,2015-07-08 20:56:26 UTC,,,,
6/22/15 12:14,5,2015-08-21 15:11:25 UTC,4,2015-08-21 15:11:25 UTC,,,,
6/19/15 14:44,1,2015-06-19 21:45:01 UTC,1,2015-06-19 21:45:01 UTC,MEDPAT MPATH-All CC1037,Associate Research Scientist,,FACULTY
6/11/15 8:03,1,2015-06-11 15:03:10 UTC,1,2015-06-11 15:03:10 UTC,,,,
6/8/15 8:40,3,2016-04-19 13:17:23 UTC,2,2016-04-19 13:17:23 UTC,,,,
6/3/15 10:51,39,2015-08-03 13:00:56 UTC,18,2015-08-03 13:00:00 UTC,,,,
6/2/15 15:16,7,2018-11-28 16:43:05 UTC,5,2018-11-28 16:43:05 UTC,MEDINT Rheumatology CC1035,Research  Assistant Internal Medicine Rheumatology,,STAFF
6/2/15 12:32,16,2016-01-29 17:11:01 UTC,8,2016-01-29 17:11:01 UTC,,,,
6/2/15 12:18,5,2015-06-08 19:12:47 UTC,2,2015-06-08 19:08:23 UTC,,,,
5/29/15 8:03,340,2016-09-02 03:28:06 UTC,101,2016-09-02 03:28:06 UTC,,,,
5/19/15 8:22,7,2019-06-03 20:03:40 UTC,3,2019-06-03 19:59:19 UTC,MEDPED Neonatology CC1052,Postdoctoral Associate,,FACULTY
5/15/15 10:50,1,2015-05-15 17:50:30 UTC,1,2015-05-15 17:50:30 UTC,,,,
5/15/15 10:04,9,2015-09-30 18:48:49 UTC,5,2015-09-30 18:48:49 UTC,MEDMBB MB and B-All CC0944,Postgraduate Associate,,STUDENT
5/15/15 10:03,2,2015-05-15 17:41:14 UTC,1,2015-05-15 17:40:52 UTC,,,,
5/12/15 12:41,8,2015-05-12 19:50:28 UTC,3,2015-05-12 19:50:16 UTC,,,,
5/12/15 12:40,10,2015-05-12 19:48:20 UTC,2,2015-05-12 19:48:10 UTC,,,,
5/11/15 12:05,7,2015-07-10 16:28:02 UTC,5,2015-07-10 16:28:02 UTC,,,,
5/11/15 7:29,380,2016-08-18 20:49:44 UTC,101,2016-08-18 20:49:44 UTC,FASPHY Physics Research Unit CC0501,Graduate School Student,,EMPLOYEE
5/4/15 7:54,1,2015-05-04 14:54:38 UTC,1,2015-05-04 14:54:38 UTC,,,,
5/3/15 19:43,40,2017-06-20 13:50:48 UTC,6,2017-06-20 13:40:39 UTC,,,,
5/1/15 13:16,8,2015-11-30 15:05:23 UTC,5,2015-11-30 15:04:33 UTC,,,Experimental Pathology,STUDENT
4/27/15 5:30,3,2015-04-27 12:32:09 UTC,1,2015-04-27 12:30:08 UTC,,,,
4/22/15 5:53,18,2015-04-27 14:21:14 UTC,2,2015-04-27 14:04:58 UTC,,,,
4/21/15 13:38,8,2016-02-22 20:05:33 UTC,4,2016-02-22 20:05:33 UTC,MEDCEL Cell Biology-All CC0930,Associate Research Scientist in Cell Biology,,FACULTY
4/21/15 11:23,2,2015-08-27 19:17:56 UTC,1,2015-04-21 18:23:29 UTC,,,,
4/21/15 8:53,1,2015-04-21 15:53:07 UTC,1,2015-04-21 15:53:07 UTC,UTLENG Utility Engineering CC0381,Senior Mechanical Engineer,,STAFF
4/17/15 7:27,20,2020-02-28 14:49:51 UTC,16,2020-02-28 14:49:51 UTC,MEDCMP C And M Physiology-All CC0929,Associate Professor of Cellular and Molecular Physiology and Molecular Biophysics and Biochemistry,,FACULTY
4/16/15 14:39,1,2015-04-16 21:39:43 UTC,1,2015-04-16 21:39:43 UTC,,,,
4/15/15 8:01,31,2015-06-15 19:02:47 UTC,14,2015-06-15 19:02:01 UTC,,,,
4/8/15 11:44,244,2016-01-29 14:39:26 UTC,35,2016-01-29 14:39:26 UTC,,,,
4/7/15 12:42,329,2016-09-27 19:34:37 UTC,108,2016-09-27 19:34:37 UTC,,,,
4/6/15 9:37,2,2015-04-06 16:40:45 UTC,1,2015-04-06 16:37:28 UTC,VPGOIA Young Global Scholars CC0094,Associate Director Academic Affairs YYGS,,STAFF
4/3/15 11:11,3236,2019-04-29 07:51:03 UTC,402,2019-04-29 07:44:41 UTC,,,,
3/31/15 13:05,110,2016-01-21 16:13:53 UTC,34,2016-01-21 15:21:37 UTC,,,,
3/30/15 12:47,198,2018-11-08 19:12:32 UTC,79,2018-11-08 19:12:32 UTC,,,,
3/23/15 12:31,37,2015-03-24 19:39:39 UTC,2,2015-03-24 19:32:30 UTC,FASANT Anthropology CC0532,Associate Research Scientist,,FACULTY
3/23/15 6:40,1,2015-03-23 13:40:31 UTC,1,2015-03-23 13:40:31 UTC,,,,
3/18/15 7:45,5,2015-03-23 13:35:52 UTC,2,2015-03-23 13:35:52 UTC,,,,
3/17/15 11:17,8241,2020-06-17 18:19:09 UTC,901,2020-06-17 18:18:51 UTC,,,,
3/9/15 12:10,9,2015-03-16 20:11:34 UTC,4,2015-03-16 20:11:34 UTC,MEDINT Pulmonary Other CC1034,"Associate Professor of Medicine (Pulmonary, Critical Care and Sleep Medicine) and of Microbial Pathogenesis",,FACULTY
3/2/15 14:28,74,2015-07-13 18:04:14 UTC,26,2015-07-13 18:04:14 UTC,,,,
2/26/15 13:27,726,2019-10-08 19:26:04 UTC,147,2019-10-08 19:26:04 UTC,,,Engineering & Applied Science,STUDENT
2/26/15 10:54,5,2015-02-26 19:06:26 UTC,1,2015-02-26 18:54:24 UTC,,,Chemistry,STUDENT
2/23/15 11:10,131,2015-04-09 15:42:29 UTC,11,2015-04-09 14:47:03 UTC,,,,
2/22/15 19:59,4,2015-03-23 18:36:30 UTC,3,2015-03-23 18:36:30 UTC,MEDCMP C And M Physiology-All CC0929,Associate Research Scientist,,FACULTY
2/21/15 8:51,91,2016-03-27 23:03:20 UTC,15,2016-03-27 23:03:20 UTC,MEDPSY Psych Divisions-Ribicoff Labs CC1095,"Assistant Professor of Psychiatry, of Neuroscience and of Physics",,FACULTY
2/19/15 13:03,2,2015-02-19 21:05:26 UTC,1,2015-02-19 21:03:51 UTC,,,,
2/16/15 8:28,4,2015-02-16 16:32:13 UTC,1,2015-02-16 16:28:38 UTC,MEDPAT MPATH-All CC1037,Graduate School Student,,EMPLOYEE
2/15/15 8:20,909,2019-02-26 18:05:04 UTC,102,2019-02-26 18:04:09 UTC,MEDSUR Transplant CC1069,Assistant Professor of Surgery (Transplant),,FACULTY
2/9/15 11:14,2,2015-02-11 21:21:44 UTC,2,2015-02-11 21:21:44 UTC,,,,
2/5/15 8:51,7,2015-02-09 21:33:34 UTC,3,2015-02-09 21:33:34 UTC,,,,
2/4/15 13:47,177,2016-09-27 23:18:22 UTC,61,2016-09-27 23:18:22 UTC,MEDNSC MNBIO Neuroscience Department CC0928,Associate Research Scientist in Neuroscience,,FACULTY
2/4/15 7:37,5,2015-02-11 02:48:20 UTC,2,2015-02-11 02:43:17 UTC,,,,
2/4/15 6:45,298,2016-09-09 16:27:54 UTC,89,2016-09-09 16:27:54 UTC,,,,
2/3/15 13:26,44,2015-07-30 15:55:40 UTC,26,2015-07-30 15:55:40 UTC,,,,
2/3/15 7:33,1979,2016-08-17 08:29:06 UTC,316,2016-08-17 08:26:33 UTC,,,,
2/3/15 7:33,834,2017-03-30 14:40:22 UTC,273,2017-03-30 14:40:22 UTC,,,Medicine,STUDENT
2/3/15 6:43,28,2015-07-03 13:21:29 UTC,5,2015-07-03 13:21:28 UTC,FASMCD MCDB CC0519,Associate Research Scientist,,FACULTY
2/2/15 12:07,4,2015-02-11 22:46:24 UTC,2,2015-02-11 22:41:30 UTC,,,,
2/2/15 10:25,1,2015-02-02 18:25:46 UTC,1,2015-02-02 18:25:46 UTC,,,,
1/28/15 19:59,14,2015-04-14 16:17:26 UTC,3,2015-04-14 16:17:26 UTC,,,,
1/28/15 19:58,2,2015-01-29 07:09:06 UTC,1,2015-01-29 07:08:31 UTC,,,,
1/28/15 19:53,59,2015-10-07 04:26:38 UTC,22,2015-10-07 04:26:38 UTC,,,Engineering & Applied Science,STUDENT
1/28/15 17:23,1,2015-01-29 01:23:53 UTC,1,2015-01-29 01:23:53 UTC,,,,
1/23/15 9:44,0,,0,,,,,
1/23/15 9:43,128,2015-04-30 17:32:09 UTC,11,2015-04-30 17:32:09 UTC,,,,
1/23/15 9:43,173,2015-05-07 02:23:55 UTC,21,2015-05-06 23:45:25 UTC,,,,
1/23/15 9:43,268,2015-05-05 19:43:28 UTC,23,2015-05-05 19:43:09 UTC,,,,
1/23/15 9:43,238,2015-05-03 13:29:16 UTC,12,2015-05-02 22:08:10 UTC,,,,
1/23/15 9:43,41,2015-05-07 01:36:51 UTC,4,2015-05-06 20:05:27 UTC,,,Medicine,STUDENT
1/23/15 9:43,87,2015-05-04 00:08:25 UTC,17,2015-05-03 23:43:46 UTC,,,Medicine,STUDENT
1/23/15 9:42,258,2015-05-07 11:24:48 UTC,22,2015-05-07 02:26:21 UTC,,,,
1/23/15 9:42,195,2015-05-30 17:06:35 UTC,9,2015-05-30 17:06:35 UTC,,,,
1/23/15 9:42,179,2015-05-05 16:35:58 UTC,20,2015-05-05 15:33:28 UTC,,,,
1/23/15 9:42,147,2015-05-12 19:16:39 UTC,13,2015-05-12 18:50:41 UTC,,,,
1/21/15 13:59,15,2015-03-22 20:05:14 UTC,8,2015-03-22 20:00:59 UTC,,,,
1/21/15 10:33,1,2015-01-21 18:33:18 UTC,1,2015-01-21 18:33:18 UTC,,,,
1/18/15 16:22,117,2015-05-20 14:48:37 UTC,29,2015-05-20 14:48:37 UTC,,,Genetics,STUDENT
1/16/15 19:32,18,2015-08-25 16:09:11 UTC,9,2015-08-25 16:05:27 UTC,,,,
1/15/15 8:01,6,2015-02-03 15:27:55 UTC,3,2015-02-03 15:24:12 UTC,MEDMBB MB and B-All CC0944,Research Scientist,,FACULTY
1/13/15 7:21,11,2015-11-12 17:08:52 UTC,9,2015-11-12 16:40:01 UTC,,,,
1/13/15 6:46,676,2016-04-07 04:25:18 UTC,200,2016-04-07 04:18:00 UTC,,,,
1/12/15 13:22,1,2015-01-12 21:22:58 UTC,1,2015-01-12 21:22:58 UTC,,,,
1/8/15 5:04,4,2015-01-08 14:54:28 UTC,3,2015-01-08 14:54:28 UTC,,,,
1/6/15 8:48,1,2015-01-06 16:48:05 UTC,1,2015-01-06 16:48:05 UTC,ITSFSS Fac and Staff Support Dir CC1662,IT Support Technician 2,,STAFF
1/5/15 8:42,1636,2020-06-04 02:31:50 UTC,420,2020-06-04 00:23:52 UTC,MEDMPA Microbial Pathogenesis-All CC0927,Research Affiliates,,MEMBER
12/19/14 10:21,346,2016-03-18 19:22:31 UTC,80,2016-03-18 19:22:31 UTC,MEDMPA Microbial Pathogenesis-All CC0927,Postdoctoral Associate in Microbial Pathogenesis,,FACULTY
12/19/14 10:20,596,2015-07-23 18:29:27 UTC,105,2015-07-23 18:29:27 UTC,,,,
12/19/14 7:07,45,2014-12-21 11:43:06 UTC,3,2014-12-21 11:31:02 UTC,,,,
12/17/14 13:03,5,2014-12-17 21:17:32 UTC,1,2014-12-17 21:04:00 UTC,,,,
12/17/14 7:50,12,2015-02-19 18:40:08 UTC,2,2015-02-19 18:37:02 UTC,,,"Molecular,Cellular,Dev Biology",STUDENT
12/12/14 14:09,37,2015-01-09 16:35:43 UTC,26,2015-01-09 16:35:43 UTC,,,,
12/12/14 13:05,392,2016-12-12 16:32:17 UTC,98,2016-12-12 16:31:00 UTC,,,,
12/12/14 13:05,437,2016-12-04 20:22:28 UTC,120,2016-12-04 20:21:17 UTC,MEDINT Cardiology CC1022,Postdoctoral Fellow,,FACULTY
11/27/14 14:28,6,2014-11-27 22:36:08 UTC,1,2014-11-27 22:28:06 UTC,,,,
11/24/14 12:48,2,2014-11-24 20:49:23 UTC,1,2014-11-24 20:48:32 UTC,,,,
11/23/14 20:30,22,2014-11-24 04:48:20 UTC,1,2014-11-24 04:30:59 UTC,,,,
11/20/14 12:43,4,2014-11-21 18:09:18 UTC,1,2014-11-21 18:05:46 UTC,MEDGEN Genetics-All CC1100,Research Scientist in Genetics,,FACULTY
11/20/14 12:41,3,2014-12-05 16:22:33 UTC,2,2014-12-05 16:22:33 UTC,MEDGEN Genetics-All CC1100,Research Scientist in Genetics,,FACULTY
11/19/14 10:09,83,2017-08-01 17:24:04 UTC,38,2017-08-01 17:24:04 UTC,,,,
11/17/14 11:03,3,2014-11-17 19:07:53 UTC,1,2014-11-17 19:03:06 UTC,,,,
11/14/14 7:25,411,2017-06-08 16:20:50 UTC,76,2017-06-08 16:20:50 UTC,MEDMBB MB and B-All CC0944,Postdoctoral Associate,,FACULTY
11/12/14 10:44,576,2016-11-29 03:20:26 UTC,86,2016-11-28 14:51:09 UTC,,,,
11/12/14 10:27,608,2016-11-30 19:18:20 UTC,171,2016-11-30 19:18:20 UTC,,,,
11/12/14 5:31,1458,2018-01-13 16:10:14 UTC,390,2017-08-17 15:41:42 UTC,,,,
11/8/14 14:07,2,2014-11-08 22:11:28 UTC,2,2014-11-08 22:11:28 UTC,,,,
11/5/14 8:45,2,2014-11-05 16:46:19 UTC,1,2014-11-05 16:45:03 UTC,,,,
11/3/14 14:10,4,2015-03-23 20:47:24 UTC,3,2015-03-23 20:47:24 UTC,,,Engineering & Applied Science,STUDENT
11/3/14 10:44,113,2020-06-03 13:30:46 UTC,24,2020-06-03 13:30:46 UTC,MEDGEN Genetics-All CC1100,Associate Research Scientist in Genetics,,FACULTY
10/30/14 14:20,1,2014-10-30 21:20:57 UTC,1,2014-10-30 21:20:57 UTC,,,,
10/28/14 8:08,1,2014-10-28 15:08:35 UTC,1,2014-10-28 15:08:35 UTC,,,,
10/28/14 7:51,69,2015-01-14 00:45:34 UTC,36,2015-01-14 00:43:48 UTC,,,,
10/27/14 8:07,498,2018-10-15 21:50:45 UTC,112,2018-10-15 21:49:25 UTC,,,Genetics,STUDENT
10/26/14 2:32,21,2015-02-26 18:28:13 UTC,17,2015-02-26 18:28:13 UTC,,,,
10/22/14 18:17,3,2014-11-14 20:32:03 UTC,2,2014-11-14 20:32:03 UTC,MEDCOM Comparative Medicine-All CC0931,Associate Professor of Comparative Medicine and of Neuroscience,,FACULTY
10/21/14 14:22,2000,2017-02-16 00:26:23 UTC,414,2017-02-16 00:26:23 UTC,,,,
10/21/14 14:22,2620,2017-02-16 19:16:27 UTC,367,2017-02-16 19:16:27 UTC,,,,
10/19/14 7:26,6,2014-11-21 15:14:32 UTC,3,2014-11-21 15:14:32 UTC,MEDNEU Epilepsy CC0838,Assistant Professor,,FACULTY
10/17/14 13:31,1,2014-10-17 20:31:32 UTC,1,2014-10-17 20:31:32 UTC,,,,
10/15/14 13:05,122,2016-11-30 17:55:58 UTC,37,2016-11-30 17:55:58 UTC,MEDANE Section of Perioperative Adult Anesthesia CC1771,Assistant Professor of Anesthesiology,,FACULTY
10/14/14 12:49,418,2017-04-05 14:50:02 UTC,157,2017-04-05 14:50:02 UTC,,,,
10/14/14 9:54,2,2014-10-14 17:04:00 UTC,1,2014-10-14 17:01:41 UTC,,,,
10/14/14 9:19,0,,0,,,,,
10/14/14 9:19,2,2014-10-15 10:48:33 UTC,1,2014-10-15 10:47:42 UTC,,,,
10/13/14 1:41,175,2018-09-20 17:20:43 UTC,28,2018-09-20 17:20:43 UTC,FASEAS MEMS Faculty CC0512,Assistant Professor of Mechanical Engineering and Materials Science,,FACULTY
10/10/14 12:26,76,2014-10-14 17:06:17 UTC,11,2014-10-14 17:04:56 UTC,,,,
10/9/14 6:35,6616,2017-06-06 15:47:00 UTC,670,2017-06-06 15:47:00 UTC,MEDNEU Neurology Neuroscience CC0836,Associate Research Scientist,,FACULTY
10/8/14 10:42,1,2014-10-08 19:36:59 UTC,1,2014-10-08 19:36:59 UTC,,,,
10/8/14 10:42,2,2014-10-08 19:21:36 UTC,1,2014-10-08 18:08:59 UTC,MEDTRA Therapeutic Radiology CC1074,Senior Research Scientist in Therapeutic Radiology and in Dermatology and Clinical Professor of Therapeutic Radiology,,FACULTY
10/8/14 10:42,2,2014-10-08 19:05:19 UTC,1,2014-10-08 18:56:42 UTC,MEDCCC Research Affairs CC1421,Research Scientist,,FACULTY
10/3/14 7:25,6,2018-05-31 18:47:00 UTC,2,2018-05-31 18:35:39 UTC,MEDCSC Developmental Disabilities CC0993,Associate Research Scientist,,FACULTY
10/1/14 13:21,1,2014-10-01 20:21:51 UTC,1,2014-10-01 20:21:51 UTC,MEDIMU Immunobiology-All CC0943,Postdoctoral Associate,,FACULTY
10/1/14 12:39,2,2014-10-01 19:40:07 UTC,1,2014-10-01 19:39:47 UTC,,,,
9/30/14 7:24,10,2014-10-01 21:44:10 UTC,3,2014-10-01 21:18:05 UTC,MEDPSY Psych Divisions-CPPU CC1622,Associate Research Scientist in Psychiatry,,FACULTY
9/25/14 10:24,9,2015-09-30 13:05:41 UTC,5,2015-09-30 13:05:41 UTC,,,Immunobiology,STUDENT
9/23/14 12:37,3,2014-09-24 02:30:18 UTC,2,2014-09-24 02:30:18 UTC,,,,
9/23/14 8:04,11201,2019-04-01 17:13:30 UTC,968,2019-04-01 17:13:30 UTC,,,,
9/23/14 7:30,15,2014-09-25 14:58:20 UTC,13,2014-09-25 12:22:29 UTC,WCAINS Yale Center for Molecular Discovery CC0676,Biotechnology Associate II Yale Center for Molecular Discovery,,STAFF
9/17/14 13:09,4,2014-09-17 21:11:16 UTC,2,2014-09-17 21:07:04 UTC,,,,
9/10/14 8:53,3,2014-09-10 17:58:01 UTC,1,2014-09-10 15:53:28 UTC,FASCHM Administration CC0504,Assistant Professor of Chemistry,,FACULTY
9/9/14 10:28,294,2016-11-30 16:29:48 UTC,101,2016-11-30 16:28:40 UTC,,,,
9/5/14 11:21,1,2014-09-05 18:21:20 UTC,1,2014-09-05 18:21:20 UTC,MEDNSC MNBIO Neuroscience Department CC0928,Associate Research Scientist,,FACULTY
9/4/14 13:27,251,2016-06-14 21:35:03 UTC,92,2016-06-14 21:35:03 UTC,MEDINT Pulmonary Other CC1034,Research Affiliates,,MEMBER
8/29/14 11:11,95,2015-03-05 20:50:25 UTC,33,2015-03-05 20:17:12 UTC,,,,
8/28/14 14:39,27,2016-11-22 22:08:13 UTC,19,2016-11-22 22:08:13 UTC,,,,
8/27/14 12:52,2580,2015-07-29 17:19:57 UTC,35,2015-07-29 17:19:57 UTC,,,Medicine,STUDENT
8/26/14 9:24,1,2014-08-26 16:24:21 UTC,1,2014-08-26 16:24:21 UTC,,,,
8/26/14 9:20,1,2014-08-26 16:20:07 UTC,1,2014-08-26 16:20:07 UTC,,,,
8/26/14 8:03,8,2014-09-11 21:44:06 UTC,5,2014-09-11 21:44:06 UTC,,,Anthropology,STUDENT
8/26/14 8:03,1,2014-08-26 15:03:45 UTC,1,2014-08-26 15:03:45 UTC,,,Anthropology,STUDENT
8/26/14 8:02,1,2014-08-26 15:02:31 UTC,1,2014-08-26 15:02:31 UTC,,,,
8/26/14 8:02,1,2014-08-26 15:02:28 UTC,1,2014-08-26 15:02:28 UTC,,,,
8/26/14 8:01,1,2014-08-26 15:02:00 UTC,1,2014-08-26 15:02:00 UTC,,,Anthropology,STUDENT
8/25/14 13:39,360,2016-01-19 19:50:29 UTC,118,2016-01-19 19:50:29 UTC,,,"Molecular,Cellular,Dev Biology",STUDENT
8/22/14 6:11,1472,2016-12-19 19:08:01 UTC,480,2016-12-19 18:59:22 UTC,MEDMBB MB and B-All CC0944,Research Scientist,,FACULTY
8/21/14 19:10,37,2014-09-24 16:50:49 UTC,12,2014-09-24 16:50:49 UTC,,,,
8/21/14 7:17,4,2014-08-21 18:03:35 UTC,1,2014-08-21 14:18:02 UTC,MEDINT Nephrology Other CC1032,Associate Research Scientist in Medicine (Nephrology),,FACULTY
8/11/14 12:55,9,2014-10-05 16:06:50 UTC,3,2014-10-05 16:06:50 UTC,FASPHY Physics Business Operations CC1504,Associate Research Scientist,,FACULTY
8/5/14 10:50,1,2014-08-05 17:50:54 UTC,1,2014-08-05 17:50:54 UTC,,,,
8/1/14 12:00,1,2014-08-01 19:13:53 UTC,1,2014-08-01 19:13:53 UTC,,,,
8/1/14 7:17,1,2014-08-01 14:17:12 UTC,1,2014-08-01 14:17:12 UTC,,,,
7/28/14 7:48,12,2014-10-10 18:08:23 UTC,3,2014-10-10 17:53:53 UTC,,,,
7/27/14 15:45,6,2014-07-27 22:58:16 UTC,1,2014-07-27 22:45:05 UTC,,,,
7/21/14 7:16,193,2016-02-02 20:24:07 UTC,103,2016-02-02 20:24:07 UTC,UUGUUG Interim Employment Pool (IEP) CC1606,Research Assistant   II,,STAFF
7/19/14 21:09,1,2014-07-20 04:09:09 UTC,1,2014-07-20 04:09:09 UTC,FASPHY Physics Business Operations CC1504,Professor of Physics,,FACULTY
7/16/14 19:53,506,2016-11-18 17:05:12 UTC,185,2016-11-18 17:05:12 UTC,,,,
7/15/14 11:13,7,2014-07-17 18:23:26 UTC,2,2014-07-17 18:12:49 UTC,FASPHY Physics Business Operations CC1504,Senior Lecturer in and Research Scientist in Physics,,FACULTY
7/14/14 6:01,45,2016-11-28 18:28:51 UTC,16,2016-11-28 18:20:23 UTC,ENVOTH Other Units CC1201,Postdoctoral Associate,,FACULTY
7/12/14 13:26,4,2014-07-14 04:06:31 UTC,2,2014-07-14 04:06:31 UTC,,,,
7/9/14 6:49,2,2014-07-09 13:50:52 UTC,1,2014-07-09 13:49:40 UTC,,,,
7/2/14 10:53,22,2015-08-11 18:47:42 UTC,2,2015-08-11 18:47:42 UTC,MEDCEL Cell Biology-All CC0930,Associate Research Scientist in Cell Biology,,FACULTY
7/2/14 8:47,9,2014-07-02 16:26:15 UTC,3,2014-07-02 16:26:15 UTC,,,Physician Associate Program,STUDENT
7/1/14 12:07,1,2014-07-01 19:07:59 UTC,1,2014-07-01 19:07:59 UTC,,,,
6/25/14 10:41,1,2014-06-25 17:41:19 UTC,1,2014-06-25 17:41:19 UTC,,,,
6/24/14 14:48,1,2014-06-24 21:49:00 UTC,1,2014-06-24 21:49:00 UTC,MEDYMI Medical Informatics CC0983,Visiting Professor,,FACULTY
6/17/14 16:15,3,2014-06-17 23:19:53 UTC,1,2014-06-17 23:15:27 UTC,,,,
6/16/14 8:27,6,2015-02-17 20:00:19 UTC,4,2015-02-17 20:00:19 UTC,,,,
6/13/14 11:40,2,2014-06-13 18:41:33 UTC,1,2014-06-13 18:41:00 UTC,,,,
6/10/14 10:55,99,2016-02-09 01:19:38 UTC,32,2016-02-08 02:21:16 UTC,,,,
6/9/14 8:28,41,2015-08-18 14:47:13 UTC,38,2015-08-18 14:45:35 UTC,,,,
6/6/14 12:50,5,2014-11-14 02:51:25 UTC,4,2014-11-14 02:51:25 UTC,,,,
6/6/14 12:49,57,2016-04-05 21:42:08 UTC,32,2016-04-05 21:42:08 UTC,,,,
6/6/14 12:49,60,2016-08-18 18:48:00 UTC,33,2016-08-18 18:48:00 UTC,,,,
6/6/14 12:49,139,2014-07-31 22:37:50 UTC,37,2014-07-31 22:28:12 UTC,,,,
6/6/14 12:49,27,2014-07-14 20:41:26 UTC,16,2014-07-13 23:56:06 UTC,,,Medicine,STUDENT
6/6/14 12:00,8,2015-04-17 14:28:51 UTC,4,2015-04-17 14:28:51 UTC,MEDCEL Cell Biology-All CC0930,Associate Professor of Cell Biology and of Moleculary Biophysics and Biochemistry,,FACULTY
6/5/14 14:05,0,,0,,MEDPSY Psychiatry-All-Residency CC1079,Psychiatry Resident,,EMPLOYEE
6/4/14 11:27,27,2016-08-29 17:51:19 UTC,10,2016-08-29 17:51:19 UTC,FASMCD MCDB CC0519,Research Affiliates,,MEMBER
6/4/14 10:24,98,2016-11-30 16:27:50 UTC,32,2016-11-30 16:27:50 UTC,MEDCEN Agency Accounts - Med Managed CC0925,Staff Affiliate - HHMI,,MEMBER
6/4/14 9:08,126,2014-07-25 14:54:20 UTC,33,2014-07-25 14:54:20 UTC,,,Computatnl Bio & Bioinformatcs,STUDENT
6/3/14 13:45,193,2014-09-26 17:02:19 UTC,67,2014-09-26 17:02:19 UTC,,,,
6/2/14 13:44,222,2014-07-31 17:24:55 UTC,40,2014-07-31 16:12:17 UTC,,,,
6/2/14 11:20,34,2014-07-06 18:06:18 UTC,10,2014-07-06 18:05:57 UTC,,,,
5/30/14 11:13,1,2014-05-30 18:13:42 UTC,1,2014-05-30 18:13:42 UTC,MEDPED Emergency Medicine CC1045,Associate Research Scientist in Pediatrics,,FACULTY
5/30/14 11:12,261,2016-01-14 03:31:55 UTC,68,2016-01-14 03:18:11 UTC,,,,
5/29/14 19:11,13,2014-05-30 02:17:45 UTC,1,2014-05-30 02:11:29 UTC,MEDINT Endocrinology Other CC1026,Associate Professor Term,,FACULTY
5/22/14 10:01,5,2016-10-12 15:00:43 UTC,3,2016-10-12 15:00:43 UTC,MEDINT Education Other CC1025,Hospital Resident,,MEMBER
5/21/14 12:54,10,2015-11-19 20:20:38 UTC,4,2015-11-19 15:22:58 UTC,,,,
5/21/14 12:48,1,2014-05-21 19:48:20 UTC,1,2014-05-21 19:48:20 UTC,,,,
5/21/14 12:47,13,2014-06-04 21:37:52 UTC,4,2014-06-04 21:37:50 UTC,,,,
5/21/14 12:06,90,2020-03-20 12:05:16 UTC,15,2020-03-20 12:05:16 UTC,MEDLAB Laboratory Medicine CC1107,"Professor of Laboratory Medicine, of Cell Biology and of Pathology",,FACULTY
5/21/14 11:46,1,2014-05-21 20:51:52 UTC,1,2014-05-21 20:51:52 UTC,,,,
5/21/14 11:46,1,2014-08-07 15:28:30 UTC,1,2014-08-07 15:28:30 UTC,,,,
5/21/14 8:35,2,2015-09-02 20:27:55 UTC,2,2015-09-02 20:27:55 UTC,,,,
5/21/14 8:35,12,2015-10-14 17:59:38 UTC,8,2015-10-14 17:59:38 UTC,,,,
5/21/14 8:34,2,2015-01-06 22:38:09 UTC,2,2015-01-06 22:38:09 UTC,,,,
5/21/14 8:34,60,2014-08-07 20:02:04 UTC,12,2014-08-07 19:33:20 UTC,,,,
5/21/14 8:34,3,2015-05-15 15:46:06 UTC,3,2015-05-15 15:46:06 UTC,,,,
5/21/14 8:21,39,2016-06-29 14:03:00 UTC,35,2016-06-29 14:03:00 UTC,,,,
5/20/14 18:25,74,2014-07-09 14:39:25 UTC,25,2014-07-09 14:39:25 UTC,MEDMBB MB and B-All CC0944,Postdoctoral Associate - Simbonis,,FACULTY
5/20/14 12:44,1,2014-05-20 19:44:06 UTC,1,2014-05-20 19:44:06 UTC,DNU_LIBDHD STAT Lab CC0742,Digital Scholarship Technologist,,STAFF
5/20/14 6:33,5,2016-07-27 14:00:21 UTC,3,2016-07-27 14:00:21 UTC,MEDINT Nephrology Other CC1032,Research  Assistant Internal Medicine Nephrology,,STAFF
5/20/14 5:49,1,2014-05-22 12:07:06 UTC,1,2014-05-22 12:07:06 UTC,MEDINT Nephrology Other CC1032,C. N. H. Long Professor of Medicine (Nephrology) and Professor of Cellular And Molecular Physiology,,FACULTY
5/20/14 4:59,54,2016-07-30 21:22:22 UTC,24,2016-07-30 21:22:22 UTC,MEDNSG Neurosurgery - All CC1108,Associate Research Scientist in Neurosurgery,,FACULTY
5/19/14 13:49,1,2014-05-19 20:49:21 UTC,1,2014-05-19 20:49:21 UTC,,,,
5/13/14 11:54,10,2014-05-13 19:25:21 UTC,1,2014-05-13 18:54:21 UTC,ACACTL Online Education CC0279,"Director, Educational Technology; Associate Fellow Trumbull College",,STAFF
5/12/14 7:56,18,2014-05-12 15:47:32 UTC,8,2014-05-12 15:47:32 UTC,,,,
5/12/14 7:27,29,2014-06-26 18:12:24 UTC,11,2014-06-26 18:12:24 UTC,,,,
5/12/14 7:27,332,2017-04-13 17:47:02 UTC,71,2017-04-13 17:47:02 UTC,,,,
5/12/14 7:27,516,2014-07-24 17:20:24 UTC,129,2014-07-24 13:10:25 UTC,,,,
5/12/14 7:27,77,2014-07-24 16:51:32 UTC,43,2014-07-24 16:51:32 UTC,,,,
5/12/14 7:27,317,2015-10-29 18:41:36 UTC,71,2015-10-29 18:21:39 UTC,,,,
5/12/14 7:27,353,2014-11-13 18:46:38 UTC,86,2014-11-13 18:46:38 UTC,,,,
5/12/14 7:27,777,2015-01-22 16:49:04 UTC,105,2015-01-22 16:47:53 UTC,,,,
5/12/14 7:27,328,2016-05-19 05:14:48 UTC,73,2016-05-19 05:14:48 UTC,,,,
5/12/14 7:27,643,2014-08-25 17:33:17 UTC,119,2014-08-25 17:33:17 UTC,,,,
5/12/14 7:27,433,2016-09-13 21:20:40 UTC,119,2016-09-13 21:18:30 UTC,,,,
5/12/14 7:27,555,2015-04-25 20:31:26 UTC,70,2015-04-25 20:31:26 UTC,,,,
5/12/14 7:27,677,2014-07-24 16:45:01 UTC,130,2014-07-24 16:45:01 UTC,,,,
5/12/14 7:27,258,2015-02-26 18:52:11 UTC,95,2015-02-26 18:52:11 UTC,,,,
5/12/14 7:26,435,2014-07-29 18:56:48 UTC,97,2014-07-29 18:56:48 UTC,,,,
5/12/14 7:26,955,2017-06-23 02:19:49 UTC,107,2017-06-23 01:50:00 UTC,,,,
5/12/14 7:26,487,2014-07-24 04:53:00 UTC,41,2014-07-24 04:53:00 UTC,,,,
5/11/14 15:28,1,2014-05-11 22:35:36 UTC,1,2014-05-11 22:35:36 UTC,FASEAS BME Faculty CC0509,Associate Professor of Biomedical Engineering and of Immunobiology,,FACULTY
5/9/14 12:13,1,2014-05-09 19:13:25 UTC,1,2014-05-09 19:13:25 UTC,MEDNSC MNBIO Neuroscience Department CC0928,Associate Research Scientist,,FACULTY
5/9/14 7:48,17,2018-10-20 22:47:25 UTC,12,2018-10-20 22:47:25 UTC,MEDCCC Medical Oncology-Section CC1413,Associate Professor Adjunct,,FACULTY
5/8/14 9:48,352,2015-07-08 15:02:33 UTC,66,2015-07-08 15:02:33 UTC,,,,
5/8/14 7:20,2,2014-09-08 17:45:23 UTC,2,2014-09-08 17:45:23 UTC,MEDNSC MNBIO Neuroscience Department CC0928,Associate Research Scientist,,FACULTY
5/7/14 11:47,826,2017-01-03 16:32:29 UTC,378,2017-01-03 16:32:29 UTC,,,,
5/1/14 11:06,11,2015-08-26 15:24:38 UTC,4,2015-08-26 15:24:38 UTC,ITSSS Shared Services Director CC0125,Senior Software Engineer,,STAFF
4/30/14 13:51,1,2014-04-30 20:51:56 UTC,1,2014-04-30 20:51:56 UTC,MEDARC Yale Genome Editing Center CC0932,"Research Associate 3, MS",,STAFF
4/30/14 6:17,3,2014-05-02 13:32:13 UTC,2,2014-05-02 13:32:13 UTC,MEDNSC MNBIO Neuroscience Department CC0928,Associate Research Scientist in Neuroscience,,FACULTY
4/29/14 14:18,1,2014-04-29 21:18:42 UTC,1,2014-04-29 21:18:42 UTC,,,,
4/29/14 9:08,1,2014-04-29 16:08:35 UTC,1,2014-04-29 16:08:35 UTC,,,,
4/29/14 8:12,91,2014-07-31 14:29:54 UTC,34,2014-07-31 14:29:54 UTC,,,,
4/29/14 6:43,1,2014-04-29 13:43:37 UTC,1,2014-04-29 13:43:37 UTC,MEDINT Digestive Diseases Other CC1024,Research Scientist,,FACULTY
4/25/14 12:05,14,2014-04-29 20:38:17 UTC,3,2014-04-29 20:38:17 UTC,,,,
4/25/14 6:28,1,2014-04-25 13:28:23 UTC,1,2014-04-25 13:28:23 UTC,,,,
4/24/14 8:31,3,2014-11-12 15:57:42 UTC,1,2014-11-12 15:47:32 UTC,,,,
4/24/14 8:31,6,2014-08-06 22:09:44 UTC,4,2014-08-06 22:09:44 UTC,,,,
4/24/14 8:30,5,2014-09-16 20:25:17 UTC,2,2014-08-07 21:03:08 UTC,MEDPAT MPATH-All CC1037,Professor of Pathology,,FACULTY
4/23/14 15:54,2,2014-04-23 22:56:15 UTC,1,2014-04-23 22:54:42 UTC,MEDLAB Laboratory Medicine CC1107,Assistant Professor Adjunct,,MEMBER
4/23/14 10:31,1,2014-04-23 17:31:28 UTC,1,2014-04-23 17:31:28 UTC,,,,
4/23/14 9:40,1,2014-04-23 16:40:48 UTC,1,2014-04-23 16:40:48 UTC,,,,
4/17/14 7:36,1568,2016-08-29 20:32:53 UTC,245,2016-08-29 19:49:08 UTC,,,,
4/16/14 6:37,27,2014-04-18 15:54:14 UTC,3,2014-04-18 14:00:59 UTC,FASMCD MCDB CC0519,Research Associate Molecular Cell & Development Biology,,STAFF
4/15/14 15:34,5,2014-04-16 17:54:37 UTC,1,2014-04-15 22:34:24 UTC,,,,
4/11/14 12:02,52,2014-04-22 14:22:58 UTC,10,2014-04-22 14:22:58 UTC,FASMCD MCDB CC0519,Staff Affiliate,,MEMBER
4/10/14 13:59,34,2014-07-03 15:58:31 UTC,9,2014-07-03 15:58:31 UTC,,,,
4/10/14 13:22,4,2014-04-11 19:20:16 UTC,1,2014-04-11 19:16:26 UTC,MEDCSC Child Study Center - All CC0989,Assistant Professor (Adjunct) in the Child Study Center,,MEMBER
4/9/14 11:02,13,2014-05-04 22:43:29 UTC,4,2014-05-04 22:43:29 UTC,,,,
4/1/14 7:14,3,2014-04-01 14:19:55 UTC,1,2014-04-01 14:14:08 UTC,,,,
3/26/14 0:10,2,2014-03-26 07:13:29 UTC,1,2014-03-26 07:10:24 UTC,MEDCCC Medical Oncology-Section CC1413,Clinical Fellow,,EMPLOYEE
3/25/14 7:21,27,2014-04-25 14:11:13 UTC,10,2014-04-25 14:11:13 UTC,,,,
3/23/14 11:13,15,2017-04-08 13:55:08 UTC,9,2017-04-08 13:55:08 UTC,,,,
3/21/14 15:17,7,2016-05-27 04:44:46 UTC,3,2016-05-27 04:44:30 UTC,MEDINT Pulmonary Other CC1034,"Boehringer Ingelheim Pharmaceuticals, Inc. Professor of Medicine (Pulmonary)",,FACULTY
3/21/14 15:17,1,2014-03-25 00:13:04 UTC,1,2014-03-25 00:13:04 UTC,,,,
3/21/14 14:29,307,2014-11-13 01:30:58 UTC,55,2014-11-13 01:30:58 UTC,,,,
3/20/14 15:20,3639,2020-07-04 12:20:50 UTC,658,2020-07-04 12:17:29 UTC,MEDIMU Immunobiology-All CC0943,Associate Research Scientist in Immunobiology,,FACULTY
3/20/14 15:02,211,2015-07-29 18:47:13 UTC,85,2015-07-29 18:47:13 UTC,,,,
3/20/14 7:12,3,2015-01-30 15:25:02 UTC,2,2015-01-30 15:24:25 UTC,MEDNSC MNBIO Neuroscience Department CC0928,"Managing Director Kavli Institute/Director Scientific Communications, Department of Neuroscience",,FACULTY
3/17/14 14:21,132,2017-02-16 14:45:40 UTC,86,2017-02-16 14:45:40 UTC,,,,
3/17/14 14:21,14,2016-03-18 20:20:51 UTC,7,2016-03-18 20:20:51 UTC,MEDCCC Hematology-Section CC1414,Associate Professor of Medicine (Hematology),,FACULTY
3/17/14 14:21,1,2014-03-18 14:02:40 UTC,1,2014-03-18 14:02:40 UTC,,,,
3/14/14 17:23,3,2014-03-30 04:46:31 UTC,2,2014-03-30 04:45:52 UTC,,,,
3/14/14 13:25,167,2014-11-07 19:11:14 UTC,62,2014-11-07 19:07:59 UTC,,,,
3/14/14 11:32,2,2014-03-14 18:48:51 UTC,2,2014-03-14 18:48:51 UTC,MEDSTU Student Research CC0911,Professional School Student,,EMPLOYEE
3/14/14 10:01,3,2014-03-14 17:18:24 UTC,1,2014-03-14 17:01:32 UTC,,,,
3/12/14 7:30,142,2014-04-23 13:26:48 UTC,3,2014-04-23 13:26:48 UTC,,,,
3/11/14 19:36,2,2014-03-12 03:45:26 UTC,1,2014-03-12 02:36:17 UTC,,,,
3/6/14 12:01,4,2014-04-24 16:06:21 UTC,3,2014-04-24 16:06:21 UTC,,,,
3/4/14 12:13,42,2014-09-03 19:44:18 UTC,21,2014-09-03 19:19:29 UTC,MEDCSC Psychology Training Program (PAS) CC1012,Psychology Fellow in the Child Study Center,,FACULTY
3/4/14 12:12,30,2014-09-10 19:49:13 UTC,19,2014-09-10 19:49:13 UTC,MEDCCI Yale Center for Clinical Investigation (YCCI) CC0975,Clinical Research Affiliates,,MEMBER
3/4/14 12:12,30,2014-05-01 17:35:41 UTC,14,2014-05-01 17:35:41 UTC,,,,
3/4/14 7:38,2,2014-03-04 15:38:46 UTC,1,2014-03-04 15:38:22 UTC,,,,
3/4/14 3:14,86,2014-06-09 01:16:55 UTC,36,2014-06-09 01:16:55 UTC,,,,
3/3/14 12:06,11,2016-10-17 22:52:55 UTC,6,2016-10-17 22:52:55 UTC,,,,
2/25/14 18:03,0,,0,,FASEAS CEE Faculty CC0510,"Professor of Chemical and Environmental Engineering, Professor of and Senior Associate Dean of Academic Affairs, School of the Environment, and Professor of Epidemiology (Environmental Health Sciences)",,FACULTY
2/25/14 18:03,0,,0,,ENVOTH Other Units CC1201,Professor of Epidemiology (Environmental Health Sciences) and Teresa and H. John Heinz III Professor in the Practice of Chemistry for the Environment,,FACULTY
2/25/14 11:34,349,2017-01-23 15:38:25 UTC,130,2017-01-23 15:38:25 UTC,WCAINS Nanobiology Institute CC0673,"Research Associate 2, MS",,STAFF
2/21/14 12:05,1,2014-02-21 20:05:06 UTC,1,2014-02-21 20:05:06 UTC,,,,
2/20/14 18:35,9,2015-04-24 23:20:42 UTC,6,2015-04-24 23:20:42 UTC,,,,
2/20/14 18:16,1,2014-02-21 02:16:22 UTC,1,2014-02-21 02:16:22 UTC,FASMCD MCDB CC0519,Staff Affiliate - HHMI,,MEMBER
2/20/14 7:54,48,2014-06-12 18:35:20 UTC,9,2014-06-12 18:34:34 UTC,,,,
2/19/14 14:20,2,2014-02-19 22:21:20 UTC,2,2014-02-19 22:21:20 UTC,,,,
2/18/14 9:00,6,2017-10-11 18:54:28 UTC,4,2017-10-11 18:54:07 UTC,MEDCMP C And M Physiology-All CC0929,Associate Research Scientist of Cellular and Molecular Physiology,,FACULTY
2/18/14 7:43,1,2014-02-18 15:43:56 UTC,1,2014-02-18 15:43:56 UTC,,,,
2/17/14 13:54,2982,2019-05-05 19:26:14 UTC,726,2019-05-05 19:26:14 UTC,,,,
2/17/14 7:41,27,2014-10-03 13:24:41 UTC,5,2014-10-03 13:24:41 UTC,,,,
2/13/14 5:40,371,2017-04-15 02:09:34 UTC,159,2017-04-15 02:09:34 UTC,,,,
2/12/14 11:33,920,2015-08-05 14:10:10 UTC,332,2015-08-05 14:10:10 UTC,,,,
2/12/14 11:03,3,2014-02-12 19:10:33 UTC,1,2014-02-12 19:03:54 UTC,,,,
2/12/14 10:27,3,2014-02-12 18:31:02 UTC,1,2014-02-12 18:27:50 UTC,,,,
2/12/14 7:42,1,2014-02-12 15:42:12 UTC,1,2014-02-12 15:42:12 UTC,,,,
2/11/14 12:38,1,2014-02-11 20:38:52 UTC,1,2014-02-11 20:38:52 UTC,MEDPAT MPATH-All CC1037,Research Assistant,,STAFF
2/11/14 10:47,11,2014-02-13 18:53:56 UTC,11,2014-02-13 18:53:56 UTC,,,,
2/11/14 9:37,11,2014-06-25 15:39:14 UTC,4,2014-05-21 19:15:20 UTC,,,,
2/11/14 6:54,2,2014-02-11 14:54:54 UTC,1,2014-02-11 14:54:14 UTC,,,,
2/11/14 4:57,89,2014-05-07 17:44:59 UTC,10,2014-05-07 17:44:59 UTC,,,,
2/10/14 19:21,62,2016-06-13 01:38:04 UTC,22,2016-06-13 00:56:25 UTC,MEDSTU Student Research CC0911,Professional School Student,,EMPLOYEE
2/9/14 8:55,4,2014-02-09 19:40:41 UTC,1,2014-02-09 16:55:53 UTC,,,,
2/7/14 18:39,292,2014-09-03 18:40:05 UTC,53,2014-09-03 18:40:05 UTC,MEDINT Geriatrics Other CC1028,Biostatistician,,STAFF
2/7/14 13:47,22,2014-03-06 19:16:10 UTC,12,2014-03-06 19:15:07 UTC,ENVTEA EVST Environmental Studies CC1378,Research Affiliates,,MEMBER
2/7/14 11:55,5,2015-08-20 18:19:51 UTC,3,2015-08-20 18:19:51 UTC,MEDNEU Neurology Neuroscience CC0836,Senior Research Scientist in Neurology,,FACULTY
2/7/14 8:34,110,2014-05-19 15:38:07 UTC,25,2014-05-19 15:38:07 UTC,MEDNEU Neurology Neuroscience CC0836,Associate Research Scientist in Neurology,,FACULTY
2/6/14 11:10,748,2014-03-27 15:18:38 UTC,8,2014-03-21 21:50:19 UTC,,,,
2/6/14 10:07,2,2014-02-06 18:09:21 UTC,2,2014-02-06 18:09:21 UTC,,,,
2/6/14 10:03,91,2014-03-04 17:30:43 UTC,4,2014-03-04 17:30:43 UTC,,,,
2/6/14 9:55,10,2016-05-03 19:08:07 UTC,5,2016-05-03 19:07:16 UTC,MEDINT Pulmonary Other CC1034,Research  Assistant Internal Medicine Pulmonary,,STAFF
2/1/14 8:48,105,2015-02-18 21:28:49 UTC,34,2015-02-18 21:28:49 UTC,MEDINT Pulmonary Other CC1034,Assistant Professor of Medicine (Pulmonary),,FACULTY
1/31/14 8:10,12,2014-02-18 18:03:37 UTC,12,2014-02-18 18:03:37 UTC,FASPHY Physics Business Operations CC1504,Senior Research Scientist in Physics,,FACULTY
1/30/14 14:21,2,2014-01-30 22:21:41 UTC,2,2014-01-30 22:21:41 UTC,,,,
1/30/14 8:07,313,2019-01-29 16:44:16 UTC,62,2019-01-29 16:44:15 UTC,MEDNEU Neurology Neuroscience CC0836,Research Associate Neurology,,STAFF
1/30/14 7:22,381,2016-11-21 21:20:30 UTC,141,2016-11-21 21:15:09 UTC,,,,
1/28/14 12:45,111,2014-03-03 01:02:18 UTC,17,2014-03-02 15:17:49 UTC,,,,
1/28/14 12:36,1,2014-01-28 20:36:57 UTC,1,2014-01-28 20:36:57 UTC,,,,
1/28/14 8:34,139,2016-08-09 18:00:07 UTC,21,2016-08-09 17:58:02 UTC,,,,
1/27/14 14:58,1,2014-01-27 22:58:03 UTC,1,2014-01-27 22:58:03 UTC,,,,
1/27/14 12:29,1460,2017-07-01 23:00:41 UTC,103,2017-07-01 00:01:17 UTC,,,,
1/27/14 11:03,4,2015-07-24 21:21:30 UTC,2,2015-07-24 21:19:41 UTC,FASMCD MCDB CC0519,"John C. Malone Professor of Molecular, Cellular, and Developmental Biology and Professor of Chemistry, of Pharmacology, and of Management",,FACULTY
1/24/14 12:39,20,2014-05-01 18:14:07 UTC,8,2014-05-01 18:14:07 UTC,FASMCD MCDB CC0519,"Associate Research Scientist in Molecular, Cellular, and Developmental Biology",,FACULTY
1/23/14 11:21,3,2014-01-23 19:27:11 UTC,1,2014-01-23 19:21:35 UTC,,,,
1/23/14 10:51,19,2014-03-13 14:35:45 UTC,4,2014-03-13 14:27:09 UTC,,,,
1/21/14 9:28,3,2014-01-22 01:59:24 UTC,1,2014-01-21 17:28:18 UTC,FASCHM Research Unit CC0505,Associate Research Scientist,,FACULTY
1/20/14 7:17,1,2014-01-20 15:17:45 UTC,1,2014-01-20 15:17:45 UTC,,,,
1/15/14 13:52,115,2014-04-30 18:35:46 UTC,5,2014-04-30 17:40:02 UTC,,,,
1/14/14 11:49,91,2014-04-20 16:16:52 UTC,31,2014-04-20 16:16:52 UTC,,,,
1/14/14 11:49,457,2014-05-06 01:40:05 UTC,12,2014-04-23 13:51:04 UTC,,,,
1/14/14 11:49,155,2014-05-03 23:43:38 UTC,48,2014-05-03 23:43:38 UTC,,,,
1/14/14 11:49,323,2014-04-28 23:34:34 UTC,21,2014-04-28 23:34:34 UTC,MEDPSY Psych Divisions- SATU CC1486,Clinical Research Affiliates,,MEMBER
1/14/14 11:49,417,2014-05-05 17:14:41 UTC,42,2014-05-05 17:14:41 UTC,,,,
1/14/14 11:49,405,2014-05-09 14:17:49 UTC,76,2014-05-09 13:31:00 UTC,,,,
1/14/14 11:33,265,2014-08-05 16:59:33 UTC,45,2014-08-05 16:59:33 UTC,,,,
1/14/14 11:03,384,2014-07-12 03:24:05 UTC,49,2014-05-07 05:15:35 UTC,,,,
1/10/14 10:28,26,2014-02-14 14:25:12 UTC,12,2014-02-14 14:25:12 UTC,,,Forestry & Environmental Stdes,STUDENT
1/7/14 10:08,3,2014-08-25 17:46:14 UTC,2,2014-08-25 17:46:14 UTC,MEDPED Cardiology CC1042,Professor of Pediatrics (Cardiology),,FACULTY
1/3/14 12:31,19,2014-01-03 20:55:11 UTC,2,2014-01-03 20:55:11 UTC,,,,
1/3/14 10:20,56,2014-05-15 02:02:57 UTC,10,2014-05-14 14:53:16 UTC,,,,
1/3/14 10:12,333,2016-09-13 20:01:03 UTC,123,2016-09-13 20:01:03 UTC,MEDPED Cardiology CC1042,Research Associate Pediatrics,,STAFF
1/2/14 11:41,31,2015-10-27 23:17:21 UTC,20,2015-10-27 23:17:21 UTC,,,,
12/25/13 5:36,6,2014-03-26 14:44:12 UTC,3,2014-03-26 14:42:09 UTC,,,,
12/19/13 19:34,0,,0,,,,,
12/16/13 11:18,10,2014-02-17 16:46:12 UTC,3,2014-02-17 16:45:43 UTC,,,,
12/16/13 10:34,13,2014-04-08 13:09:38 UTC,7,2014-04-08 13:08:38 UTC,,,,
12/16/13 6:22,64,2014-01-21 20:54:35 UTC,20,2014-01-21 20:54:35 UTC,MEDIMU Immunobiology-All CC0943,Research Scientist,,FACULTY
12/13/13 8:39,5,2013-12-18 16:15:19 UTC,3,2013-12-18 16:14:22 UTC,,,,
12/10/13 18:39,14,2013-12-14 03:32:37 UTC,4,2013-12-14 03:22:36 UTC,,,,
12/9/13 20:20,2,2013-12-10 16:55:57 UTC,2,2013-12-10 16:55:57 UTC,,,,
12/9/13 19:58,63,2020-01-31 02:28:47 UTC,33,2020-01-31 02:28:47 UTC,,,,
12/4/13 8:30,2,2016-08-02 17:27:53 UTC,2,2016-08-02 17:27:53 UTC,,,,
12/3/13 8:42,143,2014-04-30 04:40:49 UTC,34,2014-04-30 04:40:49 UTC,,,,
12/3/13 7:45,0,,0,,,,,
12/2/13 10:41,3,2014-04-21 12:26:59 UTC,2,2014-04-21 12:26:38 UTC,RESORA AVP Research Administration CC0053,Director Research Enterprise Operations,,STAFF
12/2/13 9:07,5,2014-03-04 17:41:23 UTC,3,2014-03-04 17:41:22 UTC,,,,
12/2/13 8:39,14,2014-02-13 20:33:44 UTC,12,2014-02-13 20:33:44 UTC,,,,
11/27/13 11:16,3,2014-06-18 18:16:37 UTC,3,2014-06-18 18:16:37 UTC,,,,
11/27/13 9:28,210,2016-05-24 19:26:25 UTC,79,2016-05-24 19:26:25 UTC,,,,
11/26/13 13:38,792,2016-03-18 23:53:55 UTC,28,2015-05-22 01:42:50 UTC,,,,
11/26/13 13:03,0,,0,,,,,
11/21/13 19:25,7,2013-11-22 16:42:14 UTC,6,2013-11-22 16:42:07 UTC,,,,
11/21/13 7:38,136,2014-06-18 12:49:41 UTC,27,2014-06-18 12:32:47 UTC,,,,
11/18/13 20:54,4,2013-11-19 05:06:58 UTC,1,2013-11-19 04:54:29 UTC,,,,
11/18/13 12:56,55,2014-02-27 04:30:15 UTC,3,2014-02-06 21:06:02 UTC,,,,
11/18/13 12:56,7,2014-04-10 15:11:54 UTC,6,2014-04-10 15:11:54 UTC,,,,
11/18/13 12:56,3,2014-07-27 03:20:03 UTC,3,2014-07-27 03:20:03 UTC,FASEAS EE Faculty CC0511,Postdoctoral Associate,,FACULTY
11/18/13 12:55,38,2014-12-03 20:20:30 UTC,20,2014-12-03 20:20:30 UTC,,,,
11/18/13 12:54,10,2014-02-07 16:15:23 UTC,9,2014-02-07 16:15:23 UTC,,,,
11/18/13 12:54,30,2014-10-02 14:53:17 UTC,5,2014-10-02 14:53:17 UTC,,,,
11/18/13 12:41,336,2016-09-14 16:38:19 UTC,195,2016-09-14 16:38:19 UTC,,,,
11/18/13 12:40,904,2016-07-28 17:47:44 UTC,190,2016-07-28 17:47:44 UTC,,,,
11/18/13 12:34,41,2014-07-03 20:39:21 UTC,15,2014-07-03 20:36:45 UTC,,,,
11/14/13 12:03,2,2013-11-14 22:48:03 UTC,2,2013-11-14 22:48:03 UTC,,,,
11/13/13 16:35,229,2016-12-01 05:00:39 UTC,83,2016-12-01 04:35:50 UTC,,,,
11/12/13 9:41,1,2013-11-12 17:41:08 UTC,1,2013-11-12 17:41:08 UTC,MEDMBB MB and B-All CC0944,Eugene Higgins Professor of Molecular Biophysics and Biochemistry,,FACULTY
11/12/13 9:29,1,2013-11-12 17:29:05 UTC,1,2013-11-12 17:29:05 UTC,FASANT Anthropology CC0532,Professor of Anthropology and of Ecology and Evolutionary Biology,,FACULTY
11/12/13 7:40,218,2015-08-08 19:16:49 UTC,68,2015-08-08 19:16:49 UTC,FASEAS EE Faculty CC0511,"Llewellyn West Jones, Jr. Professor of Engineering",,FACULTY
11/11/13 6:48,32,2014-10-02 16:17:08 UTC,4,2014-10-02 16:17:08 UTC,MEDINT Cardiology CC1022,Research Scientist,,FACULTY
11/8/13 19:12,2,2013-11-09 03:14:19 UTC,1,2013-11-09 03:12:49 UTC,,,,
11/6/13 10:04,451,2016-11-21 22:38:39 UTC,146,2016-11-21 22:38:26 UTC,FASMCD MCDB CC0519,"Associate Research Scientist, Molecular, Cellular and Developmental Biology",,FACULTY
11/4/13 17:34,1,2013-11-05 01:34:16 UTC,1,2013-11-05 01:34:16 UTC,,,Cell Biology,STUDENT
11/4/13 13:59,1,2013-11-04 21:59:35 UTC,1,2013-11-04 21:59:35 UTC,,,,
11/4/13 13:55,439,2017-03-08 19:21:25 UTC,12,2017-03-08 19:21:25 UTC,,,,
11/4/13 13:48,1,2013-11-04 21:48:37 UTC,1,2013-11-04 21:48:37 UTC,,,,
11/3/13 14:30,1,2013-11-03 22:31:02 UTC,1,2013-11-03 22:31:02 UTC,,,,
11/1/13 20:24,14,2014-08-07 21:12:26 UTC,13,2014-08-07 21:12:26 UTC,,,,
11/1/13 14:00,2,2013-11-01 21:04:12 UTC,1,2013-11-01 21:00:28 UTC,FASLIN Linguistics-Research Unit CC0525,Professor,,FACULTY
10/31/13 12:17,4,2013-10-31 19:23:21 UTC,1,2013-10-31 19:17:20 UTC,FASAPP Research Unit CC1558,Senior Research Scientist in Applied Physics,,FACULTY
10/31/13 10:15,27,2014-04-28 18:18:14 UTC,12,2014-04-28 18:18:14 UTC,,,,
10/29/13 11:42,24,2014-03-03 17:11:03 UTC,5,2014-03-03 17:11:03 UTC,,,,
10/28/13 13:59,1,2015-07-21 14:17:48 UTC,1,2015-07-21 14:17:48 UTC,,,,
10/28/13 13:58,76,2016-10-12 00:52:57 UTC,52,2016-10-11 21:44:10 UTC,,,,
10/28/13 13:56,5,2014-06-16 01:09:45 UTC,3,2014-06-16 01:09:45 UTC,FASEAS EE Faculty CC0511,William A. Norton Professor of Electrical Engineering,,FACULTY
10/28/13 13:56,58,2015-02-04 01:39:17 UTC,12,2015-02-04 01:39:17 UTC,,,,
10/28/13 13:56,24,2017-10-05 14:09:56 UTC,16,2017-10-05 14:09:56 UTC,,,,
10/28/13 12:51,44,2016-08-01 13:55:33 UTC,28,2016-08-01 13:55:33 UTC,FASEAS EE Faculty CC0511,Research Affiliates,,MEMBER
10/28/13 12:37,199,2014-09-29 20:46:39 UTC,75,2014-09-29 20:46:39 UTC,,,,
10/28/13 11:20,6,2014-06-18 23:37:36 UTC,6,2014-06-18 23:37:36 UTC,RESCRC Yale Center for Research Computing CC0268,"Senior Director, Research Technologies",,STAFF
10/28/13 7:10,2,2013-10-28 14:12:27 UTC,1,2013-10-28 14:10:28 UTC,RESCRC Yale Center for Research Computing CC0268,Senior Computational Research Support Analyst,,STAFF
10/28/13 7:04,4,2014-02-24 16:01:42 UTC,3,2014-02-24 15:49:02 UTC,,,,
10/25/13 13:10,1,2013-11-08 20:55:49 UTC,1,2013-11-08 20:55:49 UTC,MEDINT Endocrinology Other CC1026,Associate Professor of Medicine (Endocrinology),,FACULTY
10/25/13 13:05,74,2013-11-26 23:14:59 UTC,19,2013-11-26 22:44:12 UTC,,,,
10/25/13 12:22,43,2014-03-14 16:03:35 UTC,4,2014-03-14 16:01:28 UTC,FASMCD MCDB CC0519,"Professor of Molecular, Cellular, and Developmental Biology",,FACULTY
10/24/13 6:40,7,2013-10-24 13:47:52 UTC,1,2013-10-24 13:40:23 UTC,,,,
10/23/13 7:21,184,2015-01-13 15:35:40 UTC,82,2015-01-13 15:35:40 UTC,FASMCD MCDB CC0519,Associate Research Scientist,,FACULTY
10/19/13 7:30,7,2013-10-19 14:36:22 UTC,1,2013-10-19 14:31:01 UTC,,,,
10/14/13 10:59,1,2013-10-14 17:59:18 UTC,1,2013-10-14 17:59:18 UTC,,,,
10/14/13 5:45,27,2013-10-14 19:40:34 UTC,1,2013-10-14 12:45:10 UTC,,,,
10/13/13 7:22,1,2013-10-13 14:22:18 UTC,1,2013-10-13 14:22:18 UTC,,,,
10/11/13 23:37,7,2013-10-13 20:30:10 UTC,2,2013-10-13 20:29:29 UTC,,,,
10/10/13 13:50,1,2013-10-11 16:58:11 UTC,1,2013-10-11 16:58:11 UTC,,,,
10/10/13 13:45,15,2014-11-06 15:36:44 UTC,7,2014-11-06 15:36:44 UTC,FASEAS CEE Faculty CC0510,Professor of Chemical and Environmental Engineering,,FACULTY
10/10/13 13:44,23,2014-07-23 23:18:11 UTC,7,2014-07-23 23:17:14 UTC,,,,
10/10/13 13:41,35,2014-11-07 22:31:13 UTC,10,2014-11-07 22:28:28 UTC,,,,
10/10/13 10:59,2416,2019-03-18 18:27:23 UTC,355,2019-03-18 18:27:17 UTC,,,,
10/9/13 19:14,4,2014-07-29 13:55:29 UTC,2,2014-07-29 13:55:29 UTC,,,,
10/9/13 13:11,1,2013-10-09 20:11:37 UTC,1,2013-10-09 20:11:37 UTC,,,,
10/9/13 13:04,17,2014-04-19 21:49:48 UTC,8,2014-04-19 21:49:48 UTC,,,,
10/9/13 12:51,1,2013-10-09 19:51:09 UTC,1,2013-10-09 19:51:09 UTC,,,,
10/8/13 12:02,1192,2016-12-01 06:24:34 UTC,343,2016-11-30 22:53:21 UTC,,,,
10/7/13 12:21,378,2016-07-01 16:28:17 UTC,86,2016-07-01 16:28:17 UTC,,,,
10/7/13 9:00,1,2013-10-07 16:00:28 UTC,1,2013-10-07 16:00:28 UTC,,,,
10/7/13 7:26,6,2013-10-07 14:51:22 UTC,1,2013-10-07 14:26:48 UTC,,,,
10/4/13 12:48,1,2013-10-04 19:48:26 UTC,1,2013-10-04 19:48:26 UTC,,,,
10/4/13 12:32,586,2015-02-16 23:40:03 UTC,123,2015-02-16 23:40:03 UTC,,,,
10/4/13 10:14,44,2014-05-21 18:57:40 UTC,7,2014-05-21 18:35:22 UTC,,,,
10/4/13 10:13,580,2016-10-06 14:05:18 UTC,192,2016-10-06 14:03:35 UTC,,,,
10/4/13 10:06,17,2013-10-04 18:49:19 UTC,1,2013-10-04 17:06:43 UTC,,,,
10/4/13 10:05,19,2015-12-10 19:53:51 UTC,2,2015-12-10 19:53:51 UTC,FASCHM Administration CC0504,Professor of Chemistry,,FACULTY
10/3/13 13:31,1584,2016-09-13 18:26:11 UTC,170,2016-09-13 18:23:32 UTC,MEDNSC MNBIO Neuroscience Department CC0928,Associate Research Scientist in Neuroscience,,FACULTY
10/3/13 13:22,127,2015-03-06 20:27:53 UTC,56,2015-03-06 20:27:53 UTC,,,,
10/3/13 7:03,126,2015-08-07 18:27:26 UTC,29,2015-08-07 18:25:50 UTC,,,,
10/3/13 6:51,570,2019-06-26 18:56:59 UTC,135,2019-06-26 18:54:33 UTC,,,Molecular Biophysics & Biochem,STUDENT
10/3/13 6:28,13,2013-10-15 16:58:59 UTC,2,2013-10-14 23:13:33 UTC,FASEEB Research Unit CC0522,Research Associate Ecology/Evolutionary Biology,,STAFF
10/3/13 6:09,35,2013-10-30 17:55:49 UTC,6,2013-10-30 17:55:49 UTC,FASPHY Physics Business Operations CC1504,Senior Research Scientist in Physics,,FACULTY
10/2/13 14:07,2,2013-10-02 21:07:25 UTC,1,2013-10-02 21:07:11 UTC,,,,
10/2/13 13:49,1,2013-10-02 20:49:52 UTC,1,2013-10-02 20:49:52 UTC,FASSOC Sociology CC0498,Executive Director of Yale Institute for Network Science,,STAFF
10/2/13 13:02,1,2013-10-02 20:02:14 UTC,1,2013-10-02 20:02:14 UTC,,,,
10/2/13 11:38,2,2013-10-02 19:43:38 UTC,1,2013-10-02 18:38:40 UTC,FASEAS EE Faculty CC0511,Postdoctoral Associate,,FACULTY
10/2/13 11:25,2,2013-10-03 00:59:10 UTC,2,2013-10-03 00:59:10 UTC,FASPHY Physics Business Operations CC1504,Eugene Higgins Professor of Physics,,FACULTY
10/2/13 8:49,16,2013-10-04 18:10:22 UTC,3,2013-10-04 17:14:01 UTC,,,,
10/2/13 8:46,28,2013-10-04 18:53:04 UTC,4,2013-10-04 17:05:02 UTC,RESCOR Yale Analytical & Stable Isotope Core CC1777,"Research Associate 1, MS",,STAFF
10/2/13 8:29,496,2016-07-28 13:39:33 UTC,92,2016-07-28 13:39:33 UTC,WCAADM West Campus - All CC0667,Research Support Specialist,,STAFF
10/2/13 6:49,41,2018-08-31 20:03:24 UTC,26,2018-08-31 20:02:59 UTC,FASMCD MCDB CC0519,Research Affiliates,,MEMBER
10/2/13 6:46,1,2013-10-02 13:46:55 UTC,1,2013-10-02 13:46:55 UTC,MEDEME York Street ED CC1141,Hospital Resident,,MEMBER
10/2/13 6:36,1,2013-10-02 13:36:53 UTC,1,2013-10-02 13:36:53 UTC,,,,
10/2/13 4:23,1,2013-10-02 11:23:31 UTC,1,2013-10-02 11:23:31 UTC,,,,
10/1/13 14:04,6,2014-07-08 19:40:48 UTC,3,2014-07-08 19:40:48 UTC,MEDOBG MOBGYN-All CC1117,Assistant Professor Adjunct,,FACULTY
10/1/13 13:43,1,2013-10-01 20:43:51 UTC,1,2013-10-01 20:43:51 UTC,,,,
10/1/13 13:16,120,2015-09-05 18:59:31 UTC,18,2015-09-05 18:59:31 UTC,,,,
10/1/13 12:18,3,2015-07-02 17:43:29 UTC,2,2015-07-02 17:41:33 UTC,FASMCD MCDB CC0519,"Sterling Professor of Molecular, Cellular, and Developmental Biology and Professor of Molecular Biophysics and Biochemistry",,FACULTY
9/30/13 10:49,47,2013-10-07 17:21:52 UTC,2,2013-10-07 17:21:52 UTC,,,,
9/30/13 7:09,2,2014-02-07 21:56:38 UTC,2,2014-02-07 21:56:38 UTC,LIBSSS CSSSI Research Supp CC0738,"Librarian for Economics, Psychology, and Statistics & Data Science",,STAFF
9/30/13 6:53,3,2013-09-30 14:56:28 UTC,3,2013-09-30 14:56:28 UTC,,,,
9/30/13 6:37,2,2013-09-30 13:45:10 UTC,1,2013-09-30 13:38:01 UTC,,,,
9/29/13 13:03,2,2013-09-29 20:04:10 UTC,1,2013-09-29 20:03:43 UTC,MEDCEL Cell Biology-All CC0930,Associate Research Scientist in Cell Biology,,FACULTY
9/27/13 13:24,3,2013-11-04 15:49:39 UTC,3,2013-11-04 15:49:39 UTC,,,,
9/27/13 13:24,5,2013-10-04 17:28:24 UTC,3,2013-10-04 17:28:23 UTC,,,,
9/27/13 11:12,29,2016-09-13 22:04:06 UTC,12,2016-09-13 22:04:06 UTC,,,,
9/27/13 7:24,6,2013-09-27 17:35:30 UTC,3,2013-09-27 17:26:35 UTC,,,,
9/27/13 5:47,4,2013-09-27 12:56:34 UTC,1,2013-09-27 12:51:09 UTC,,,,
9/26/13 8:13,4,2013-09-26 15:18:34 UTC,1,2013-09-26 15:14:02 UTC,,,,
9/25/13 10:27,21,2015-05-18 19:59:13 UTC,8,2015-05-18 19:59:13 UTC,,,,
9/25/13 7:29,22,2014-05-13 17:15:29 UTC,5,2014-05-13 17:07:19 UTC,,,,
9/24/13 9:03,3,2014-03-03 22:52:19 UTC,3,2014-03-03 22:52:19 UTC,,,,
9/24/13 7:01,213,2015-09-01 14:55:48 UTC,84,2015-09-01 14:55:48 UTC,,,,
9/23/13 9:50,1,2013-09-23 16:50:10 UTC,1,2013-09-23 16:50:10 UTC,MEDCCC Hematology-Section CC1414,Associate Professor of Medicine (Hematology),,FACULTY
9/23/13 9:39,1948,2017-12-19 00:25:43 UTC,448,2017-12-19 00:25:43 UTC,,,,
9/23/13 9:37,347,2015-07-05 17:35:56 UTC,111,2015-07-05 17:35:38 UTC,,,,
9/23/13 9:36,1448,2017-05-18 14:03:25 UTC,333,2017-05-18 14:03:25 UTC,,,,
9/23/13 9:36,486,2016-03-03 00:45:36 UTC,186,2016-03-03 00:45:36 UTC,,,,
9/23/13 7:21,23,2013-09-27 00:57:10 UTC,8,2013-09-27 00:57:10 UTC,MEDOBG MOBGYN-All CC1117,"Assistant Professor of Obstetrics, Gynecology, and Reproductive Sciences",,FACULTY
9/20/13 9:13,1,2013-09-20 16:13:19 UTC,1,2013-09-20 16:13:19 UTC,,,,
9/20/13 6:49,1306,2014-09-25 16:55:25 UTC,432,2014-09-25 16:54:26 UTC,,,,
9/19/13 19:37,42,2015-06-15 15:15:16 UTC,7,2015-06-15 15:12:01 UTC,MEDINT Cardiology CC1022,Associate Research Scientist in Medicine (Cardiology),,FACULTY
9/19/13 19:24,1,2013-09-20 02:24:56 UTC,1,2013-09-20 02:24:56 UTC,MEDCSC Neurodevelopment CC1698,Associate Professor In the Child Study Center and in Psychiatry,,FACULTY
9/19/13 12:21,1,2013-09-19 19:21:43 UTC,1,2013-09-19 19:21:43 UTC,,,,
9/18/13 18:35,3,2014-07-31 16:27:00 UTC,2,2014-07-31 16:27:00 UTC,MEDINT Nephrology Other CC1032,Associate Research Scientist in Medicine (Nephrology),,FACULTY
9/18/13 6:52,473,2018-06-29 03:27:08 UTC,298,2018-06-29 03:27:08 UTC,,,,
9/17/13 14:45,11,2013-09-19 20:31:43 UTC,1,2013-09-17 21:45:12 UTC,MEDINT Nephrology Other CC1032,Assistant Professor of Medicine (Nephrology),,FACULTY
9/16/13 13:00,12,2013-09-17 20:13:01 UTC,8,2013-09-17 20:13:01 UTC,LIBCDA AUL Scholarly Resources CC0750,Librarian for Assessment,,STAFF
9/16/13 8:31,1,2013-09-16 15:31:07 UTC,1,2013-09-16 15:31:07 UTC,,,,
9/15/13 10:18,670,2017-06-26 14:54:15 UTC,99,2017-06-26 14:53:52 UTC,MEDMBB MB and B-All CC0944,Research Affiliates,,MEMBER
9/12/13 17:00,459,2016-11-25 21:16:51 UTC,95,2016-11-25 21:13:24 UTC,ENVOTH Other Units CC1201,Associate Research Scientist,,FACULTY
9/12/13 14:20,3,2014-03-04 16:11:11 UTC,3,2014-03-04 16:11:11 UTC,FASPHY Physics Business Operations CC1504,Associate Research Scientist in Physics,,FACULTY
9/12/13 14:20,108,2016-05-13 11:22:08 UTC,35,2016-05-13 11:22:08 UTC,FASPHY Physics Business Operations CC1504,Professor of Physics,,FACULTY
9/12/13 14:19,2479,2015-07-20 18:57:32 UTC,181,2015-07-20 18:57:32 UTC,,,,
9/12/13 11:46,37,2014-06-10 17:09:46 UTC,15,2014-06-10 17:09:07 UTC,,,,
9/12/13 11:04,18,2013-09-24 16:54:24 UTC,4,2013-09-24 16:02:20 UTC,,,,
9/12/13 6:40,1,2013-09-12 13:40:06 UTC,1,2013-09-12 13:40:06 UTC,,,Physics,STUDENT
9/11/13 20:01,60,2013-09-26 21:12:09 UTC,2,2013-09-26 15:35:00 UTC,,,,
9/5/13 22:31,7,2013-09-06 05:36:55 UTC,7,2013-09-06 05:36:55 UTC,,,,
9/5/13 11:01,3511,2017-01-11 19:11:06 UTC,811,2017-01-11 19:11:06 UTC,,,,
9/4/13 19:08,975,2016-09-09 14:06:29 UTC,268,2016-09-09 14:06:29 UTC,,,,
9/4/13 10:39,6,2013-10-29 18:26:33 UTC,2,2013-10-29 18:17:38 UTC,,,,
9/4/13 10:36,22,2014-01-27 14:13:29 UTC,12,2014-01-27 14:13:29 UTC,,,,
9/3/13 17:42,1,2013-09-04 00:42:50 UTC,1,2013-09-04 00:42:50 UTC,,,,
9/3/13 13:23,10,2013-09-27 14:16:00 UTC,2,2013-09-27 14:13:48 UTC,,,,
9/3/13 13:18,225,2015-03-06 02:44:09 UTC,13,2015-03-06 02:44:09 UTC,,,,
9/3/13 10:21,29,2015-04-24 16:08:23 UTC,17,2015-04-24 16:08:23 UTC,,,,
9/1/13 18:31,1,2013-09-02 01:31:52 UTC,1,2013-09-02 01:31:52 UTC,FASEEB Department Administration CC0521,Lecturer in Ecology and Evolutionary Biology,,FACULTY
8/30/13 13:28,2,2013-08-30 20:29:02 UTC,1,2013-08-30 20:28:06 UTC,,,,
8/30/13 8:44,2,2013-08-30 15:58:42 UTC,1,2013-08-30 15:44:50 UTC,FASMCD MCDB CC0519,"Senior Lecturer and Research Scientist, Molecular, Cellular and Developmental Biology",,FACULTY
8/30/13 6:03,15,2013-10-03 19:52:43 UTC,4,2013-10-03 19:52:43 UTC,ITSFSS Fac and Staff Support Dir CC1662,Client Support Specialist,,STAFF
8/28/13 9:37,63,2016-02-24 15:28:25 UTC,10,2016-02-24 15:28:25 UTC,,,,
8/26/13 14:25,42,2013-10-10 11:55:35 UTC,9,2013-10-10 11:55:35 UTC,MEDINT Nephrology Other CC1032,Research  Associate Internal Medicine Nephrology,,STAFF
8/25/13 12:26,781,2020-02-18 18:35:48 UTC,297,2020-02-18 18:35:33 UTC,MEDMBB MB and B-All CC0944,"Associate Professor of Molecular Biophysics and Biochemistry, and of Cell Biology",,FACULTY
8/23/13 12:01,2,2013-08-23 19:09:05 UTC,1,2013-08-23 19:01:09 UTC,MEDMBB MB and B-All CC0944,Professor of Molecular Biophysics and Biochemistry and of Chemical and Environmental Engineering,,FACULTY
8/23/13 7:06,1,2013-08-23 14:06:37 UTC,1,2013-08-23 14:06:37 UTC,MEDNSC MNBIO Neuroscience Department CC0928,Computer Systems Manager Neuroscience,,STAFF
8/21/13 13:08,1,2013-08-21 20:08:31 UTC,1,2013-08-21 20:08:31 UTC,,,,
8/20/13 10:59,7,2014-01-13 20:29:41 UTC,3,2014-01-13 20:22:59 UTC,FASEEB Department Administration CC0521,Senior Lecturer in Ecology and Evolutionary Biology,,FACULTY
8/20/13 6:59,0,,0,,,,,
8/19/13 12:33,6,2013-08-20 18:27:36 UTC,3,2013-08-20 18:27:36 UTC,,,,
8/19/13 12:23,26,2013-08-19 20:28:32 UTC,2,2013-08-19 19:50:51 UTC,,,,
8/19/13 7:39,19,2013-08-20 19:47:18 UTC,5,2013-08-20 19:47:18 UTC,MEDIMU Immunobiology-All CC0943,Associate Research Scientist in Immunobiology,,FACULTY
8/16/13 10:32,374,2014-09-04 04:53:04 UTC,67,2014-09-04 04:53:04 UTC,,,,
8/16/13 7:15,2,2013-08-16 14:19:33 UTC,2,2013-08-16 14:19:33 UTC,MEDINT Occupational Medicine CC1033,Research  Associate Internal Medicine Occupational Medicine,,STAFF
8/15/13 12:30,3,2013-08-15 19:36:33 UTC,1,2013-08-15 19:32:01 UTC,MEDINT Occupational Medicine CC1033,Senior Research Scientist in Medicine (Occupational Medicine),,FACULTY
8/14/13 13:59,49,2013-09-08 17:27:02 UTC,4,2013-09-08 17:27:02 UTC,,,,
8/12/13 10:01,4,2013-08-12 17:05:23 UTC,1,2013-08-12 17:01:11 UTC,PEAADM Administration CC0753,"Head of Computer Systems, Entomology Collection Manager and Informatics Manager Peabody Museum",,STAFF
8/12/13 9:54,1,2016-06-02 14:37:17 UTC,1,2016-06-02 14:37:17 UTC,LIBYML Medical Library CC0720,Assistant Director of Research and Education Services,,STAFF
8/12/13 9:42,3354,2019-03-21 18:41:46 UTC,678,2019-03-21 18:41:46 UTC,FASMCD MCDB CC0519,"Lecturer, Molecular, Cellular & Developmental Biology",,FACULTY
8/9/13 11:56,156,2013-09-24 12:41:24 UTC,9,2013-09-24 12:36:11 UTC,FASCHM Administration CC0504,Research Support Specialist Chemistry,,STAFF
8/9/13 7:12,50,2016-07-14 19:00:10 UTC,14,2016-07-14 18:59:11 UTC,MEDGEN Genetics-All CC1100,Research Associate Genetics,,STAFF
8/8/13 14:26,178,2014-04-10 21:06:39 UTC,13,2014-04-10 21:06:39 UTC,FASCHM Administration CC0504,Director of Chemical and Biophysical Instrumentation Center,,STAFF
8/8/13 6:02,85,2017-03-17 17:34:37 UTC,48,2017-03-17 17:34:37 UTC,MEDGEN Genetics-All CC1100,"Dean of the Graduate School of Arts and Sciences; C. N. H. Long Professor of Genetics and Professor of Cell Biology and of Molecular, Cellular, and Developmental Biology",,FACULTY
8/7/13 12:05,1,2013-08-07 19:05:11 UTC,1,2013-08-07 19:05:11 UTC,ITSFSS Fac and Staff Support Dir CC1662,Client Technologies Technician,,STAFF
8/2/13 12:50,1,2013-08-02 23:07:41 UTC,1,2013-08-02 23:07:41 UTC,MEDINT Nephrology Other CC1032,C. N. H. Long Professor of Medicine (Nephrology) and Professor of Genetics,,FACULTY
7/29/13 19:13,1218,2019-07-23 20:54:51 UTC,522,2019-07-23 20:53:25 UTC,MEDGEN Genetics-All CC1100,Research Scientist in Genetics,,FACULTY
7/24/13 8:59,9,2014-06-10 15:09:13 UTC,3,2014-06-10 15:09:13 UTC,,,,
7/18/13 11:29,10,2013-09-16 18:14:58 UTC,4,2013-09-16 17:31:17 UTC,LIBBLT Beinecke Manuscript Unit CC1740,Archivist,,STAFF
7/12/13 5:53,752,2015-04-20 13:57:29 UTC,140,2015-04-20 13:57:29 UTC,,,,
7/10/13 12:31,681,2017-06-16 20:21:52 UTC,337,2017-06-16 20:21:28 UTC,FASMCD MCDB CC0519,"Professor of Molecular, Celluarl and Developmental Biology and of Physics",,FACULTY
7/7/13 8:56,1,2013-07-07 15:56:23 UTC,1,2013-07-07 15:56:23 UTC,,,,
7/5/13 11:08,106,2013-07-23 19:16:57 UTC,5,2013-07-23 19:16:57 UTC,,,,
7/1/13 12:15,1,2013-07-01 19:15:36 UTC,1,2013-07-01 19:15:36 UTC,,,,
6/25/13 6:27,44,2013-07-19 19:14:42 UTC,12,2013-07-19 19:14:42 UTC,,,,
6/24/13 11:47,9,2014-03-31 01:38:41 UTC,7,2014-03-31 01:38:41 UTC,,,,
6/20/13 11:09,4,2013-06-20 19:02:47 UTC,1,2013-06-20 18:09:26 UTC,ITSFSS Fac and Staff Support Dir CC1662,IT Support Specialist,,STAFF
6/20/13 11:07,201,2014-08-07 22:07:06 UTC,29,2014-08-07 17:14:06 UTC,VPGISS International Students and Scholars CC0091,"Assistant Director, Information Technology OISS",,STAFF
6/20/13 4:51,426,2014-07-02 18:32:27 UTC,58,2014-07-02 18:30:43 UTC,,,,
6/14/13 12:18,2922,2018-11-05 19:02:05 UTC,705,2018-11-05 18:35:52 UTC,,,,
6/11/13 5:17,1,2013-06-11 12:17:39 UTC,1,2013-06-11 12:17:39 UTC,,,,
6/10/13 9:03,0,,0,,,,,
6/10/13 8:02,109,2013-06-13 19:43:44 UTC,2,2013-06-13 19:43:44 UTC,,,,
6/7/13 8:23,35,2020-06-27 17:49:28 UTC,25,2020-06-27 17:48:27 UTC,ITSSS Shared Services Director CC0125,"Director, IT",,STAFF
6/7/13 7:32,3,2013-06-07 14:41:23 UTC,3,2013-06-07 14:41:23 UTC,FBOYSS Yale Shared Services - All CC0065,YSS Senior Business & Financial Analyst,,STAFF
6/7/13 6:58,25,2014-04-08 17:04:06 UTC,9,2014-04-08 17:02:10 UTC,,,,
6/4/13 15:26,1,2013-06-04 22:26:11 UTC,1,2013-06-04 22:26:11 UTC,,,,
5/24/13 12:05,0,,0,,,,,
5/24/13 12:04,0,,0,,,,,
5/24/13 12:03,0,,0,,,,,
5/23/13 7:06,3,2013-05-23 17:07:54 UTC,2,2013-05-23 17:07:54 UTC,ACACTL Online Education CC0279,"Director, Academic IT Strategy",,STAFF
5/23/13 6:41,2,2013-11-01 19:40:18 UTC,2,2013-11-01 19:40:18 UTC,,,,
5/23/13 5:50,66,2013-07-05 19:17:25 UTC,4,2013-07-05 18:25:47 UTC,,,,
5/20/13 8:53,0,,0,,ITSSS Shared Services Director CC0125,Technical Lead,,STAFF
5/15/13 12:36,2,2013-05-17 18:09:00 UTC,2,2013-05-17 18:09:00 UTC,,,,
5/15/13 12:35,12,2013-08-16 19:43:33 UTC,8,2013-08-16 19:43:33 UTC,LIBTEC Resource Discovery Services CC1659,Digital Information Research Librarian,,STAFF
5/15/13 6:34,5,2014-08-01 17:59:22 UTC,4,2014-08-01 17:59:22 UTC,LIBSSS CSSSI Research Supp CC0738,Librarian Engineering & Applied Science Library,,STAFF
5/14/13 8:25,4,2013-05-15 13:47:10 UTC,2,2013-05-15 13:47:10 UTC,ITSEA User Experience and Digital Strategy CC0175,Digital Scholarship Technologist,,STAFF
5/13/13 13:56,22,2013-07-11 15:42:28 UTC,14,2013-07-11 15:06:08 UTC,,,,
5/13/13 13:35,306,2016-04-07 23:37:28 UTC,30,2016-04-07 23:37:28 UTC,FASECO Cowles Foundation CC0495,Communications Manager,,STAFF
5/13/13 12:47,52,2016-09-14 14:33:59 UTC,8,2016-09-14 14:30:07 UTC,,,,
5/13/13 10:31,1,2013-05-13 17:32:00 UTC,1,2013-05-13 17:32:00 UTC,RESCRC Yale Center for Research Computing CC0268,"Manager, IT",,STAFF
5/13/13 8:15,10,2013-05-15 15:45:54 UTC,2,2013-05-15 14:16:37 UTC,,,,
5/10/13 13:36,326,2015-07-02 21:03:48 UTC,141,2015-07-02 21:03:48 UTC,,,,
5/8/13 11:45,14,2013-05-10 19:00:32 UTC,9,2013-05-10 18:59:23 UTC,,,,
5/8/13 10:48,2,2013-05-08 17:51:24 UTC,2,2013-05-08 17:51:24 UTC,,,,
5/8/13 10:27,9,2015-05-29 16:52:35 UTC,5,2015-05-29 16:52:35 UTC,,,,
5/8/13 10:18,14,2013-05-15 17:50:36 UTC,11,2013-05-15 17:50:36 UTC,,,,
4/27/13 11:37,4,2017-07-15 15:08:08 UTC,3,2017-07-15 15:07:18 UTC,,,,
4/26/13 12:23,361,2013-05-24 18:53:31 UTC,59,2013-05-24 16:08:48 UTC,,,,
4/26/13 11:38,6,2013-04-26 19:03:19 UTC,3,2013-04-26 19:03:19 UTC,,,,
4/26/13 8:35,10,2013-07-15 17:31:22 UTC,8,2013-07-15 17:31:22 UTC,LIBSSS CSSSI Research Supp CC0738,Librarian 4,,STAFF
4/24/13 17:54,6,2020-06-29 17:43:31 UTC,6,2020-06-29 17:43:31 UTC,ITSSEC Security Director CC0185,Senior Software Engineer,,STAFF
4/23/13 7:59,0,,0,,ACASPS Institution for Social and Policy Studies (ISPS) CC0253,Associate Director for Research/ISPS,,STAFF
4/18/13 7:18,24,2014-02-11 18:13:31 UTC,18,2014-02-11 18:13:31 UTC,,,,
4/16/13 13:26,104,2015-07-13 21:35:51 UTC,40,2015-07-13 21:22:47 UTC,,,,
4/9/13 12:09,14,2014-02-11 18:08:26 UTC,10,2014-02-11 18:08:25 UTC,,,,
4/9/13 12:06,279,2014-08-26 15:01:44 UTC,55,2014-08-26 15:01:44 UTC,LAWLIB Law Library Administration CC1220,Empirical Services and Assessment Librarian,,STAFF
3/27/13 11:09,3201,2015-04-30 20:15:08 UTC,623,2015-04-30 20:15:08 UTC,,,,
3/18/13 13:18,197,2014-09-19 00:30:54 UTC,10,2014-09-19 00:30:54 UTC,,,,
3/13/13 16:51,3,2014-07-16 15:58:27 UTC,1,2013-03-14 00:40:05 UTC,,,,
2/7/13 10:38,54,2013-09-17 19:01:32 UTC,6,2013-09-17 19:01:32 UTC,MEDINT Nephrology Other CC1032,Laboratory Supervisor  Internal Medicine Nephrology,,STAFF
12/4/12 9:24,7,2014-02-17 15:58:07 UTC,2,2014-02-17 15:40:30 UTC,,,,
11/5/12 5:43,230,2014-06-13 19:30:49 UTC,93,2014-06-13 19:30:49 UTC,,,,
10/23/12 12:22,8,2013-12-10 04:38:10 UTC,4,2013-12-10 04:38:10 UTC,MEDPSY Psych Divisions-CMHC CC1487,Professor of Psychiatry,,FACULTY
10/23/12 6:37,366,2018-06-08 18:36:51 UTC,223,2018-06-08 18:36:51 UTC,MEDNEU Neurology Neuroscience CC0836,Associate Research Scientist in Neurology,,FACULTY
9/25/12 7:46,34,2015-02-02 15:07:16 UTC,11,2015-02-02 15:00:09 UTC,LIBYML Medical Library CC0720,Biomedical Sciences Research Support Librarian and Lecturer in Epidemiology,,STAFF
8/16/12 8:35,21,2014-08-11 15:43:24 UTC,11,2014-08-11 15:43:24 UTC,LIBSSS CSSSI Research Supp CC0738,Science Research Support Librarian,,STAFF
5/22/12 9:11,9,2016-11-09 17:48:21 UTC,7,2016-11-09 17:48:21 UTC,,,,
5/22/12 7:17,101,2013-11-05 20:29:16 UTC,49,2013-11-05 20:27:00 UTC,ITSSS Shared Services Director CC0125,IT Associate Director,,STAFF